datetime_local,location_name,BPM2.5, pop_density_2021_people_per_km2, area_km2, lga_name_2021
2022-01-01,Melbourne CBD,8.37613043478261,4524.14697265625,37.5452003479004,Melbourne CBD
2022-01-02,Melbourne CBD,7.866333333333333,4524.14697265625,37.5452003479004,Melbourne CBD
2022-01-03,Melbourne CBD,4.426875,4524.14697265625,37.5452003479004,Melbourne CBD
2022-01-04,Melbourne CBD,7.742999999999999,4524.14697265625,37.5452003479004,Melbourne CBD
2022-01-05,Melbourne CBD,5.373916666666666,4524.14697265625,37.5452003479004,Melbourne CBD
2022-01-06,Melbourne CBD,4.567708333333333,4524.14697265625,37.5452003479004,Melbourne CBD
2022-01-07,Melbourne CBD,5.7714583333333325,4524.14697265625,37.5452003479004,Melbourne CBD
2022-01-08,Melbourne CBD,5.235875,4524.14697265625,37.5452003479004,Melbourne CBD
2022-01-09,Melbourne CBD,5.915,4524.14697265625,37.5452003479004,Melbourne CBD
2022-01-10,Melbourne CBD,12.29525,4524.14697265625,37.5452003479004,Melbourne CBD
2022-01-11,Melbourne CBD,8.753541666666667,4524.14697265625,37.5452003479004,Melbourne CBD
2022-01-12,Melbourne CBD,4.091833333333333,4524.14697265625,37.5452003479004,Melbourne CBD
2022-01-13,Melbourne CBD,4.921565217391304,4524.14697265625,37.5452003479004,Melbourne CBD
2022-01-14,Melbourne CBD,6.965916666666666,4524.14697265625,37.5452003479004,Melbourne CBD
2022-01-15,Melbourne CBD,5.979708333333334,4524.14697265625,37.5452003479004,Melbourne CBD
2022-01-16,Melbourne CBD,6.375083333333333,4524.14697265625,37.5452003479004,Melbourne CBD
2022-01-17,Melbourne CBD,6.583166666666667,4524.14697265625,37.5452003479004,Melbourne CBD
2022-01-18,Melbourne CBD,5.949916666666667,4524.14697265625,37.5452003479004,Melbourne CBD
2022-01-19,Melbourne CBD,5.045875,4524.14697265625,37.5452003479004,Melbourne CBD
2022-01-20,Melbourne CBD,6.73425,4524.14697265625,37.5452003479004,Melbourne CBD
2022-01-21,Melbourne CBD,8.240458333333335,4524.14697265625,37.5452003479004,Melbourne CBD
2022-01-22,Melbourne CBD,6.911375,4524.14697265625,37.5452003479004,Melbourne CBD
2022-01-23,Melbourne CBD,6.483750000000001,4524.14697265625,37.5452003479004,Melbourne CBD
2022-01-24,Melbourne CBD,8.14875,4524.14697265625,37.5452003479004,Melbourne CBD
2022-01-25,Melbourne CBD,12.577157894736844,4524.14697265625,37.5452003479004,Melbourne CBD
2022-01-26,Melbourne CBD,11.629708333333332,4524.14697265625,37.5452003479004,Melbourne CBD
2022-01-27,Melbourne CBD,5.499333333333333,4524.14697265625,37.5452003479004,Melbourne CBD
2022-01-28,Melbourne CBD,7.249708333333333,4524.14697265625,37.5452003479004,Melbourne CBD
2022-01-29,Melbourne CBD,4.863416666666667,4524.14697265625,37.5452003479004,Melbourne CBD
2022-01-30,Melbourne CBD,5.505958333333333,4524.14697265625,37.5452003479004,Melbourne CBD
2022-01-31,Melbourne CBD,9.950458333333334,4524.14697265625,37.5452003479004,Melbourne CBD
2022-02-01,Melbourne CBD,8.274956521739131,4524.14697265625,37.5452003479004,Melbourne CBD
2022-02-02,Melbourne CBD,5.780782608695652,4524.14697265625,37.5452003479004,Melbourne CBD
2022-02-03,Melbourne CBD,5.668545454545455,4524.14697265625,37.5452003479004,Melbourne CBD
2022-02-04,Melbourne CBD,4.701391304347825,4524.14697265625,37.5452003479004,Melbourne CBD
2022-02-05,Melbourne CBD,4.839173913043479,4524.14697265625,37.5452003479004,Melbourne CBD
2022-02-06,Melbourne CBD,5.4125000000000005,4524.14697265625,37.5452003479004,Melbourne CBD
2022-02-07,Melbourne CBD,6.475124999999999,4524.14697265625,37.5452003479004,Melbourne CBD
2022-02-08,Melbourne CBD,4.7543750000000005,4524.14697265625,37.5452003479004,Melbourne CBD
2022-02-09,Melbourne CBD,6.7775,4524.14697265625,37.5452003479004,Melbourne CBD
2022-02-10,Melbourne CBD,6.395875,4524.14697265625,37.5452003479004,Melbourne CBD
2022-02-11,Melbourne CBD,7.741291666666666,4524.14697265625,37.5452003479004,Melbourne CBD
2022-02-12,Melbourne CBD,7.617708333333333,4524.14697265625,37.5452003479004,Melbourne CBD
2022-02-13,Melbourne CBD,5.957375,4524.14697265625,37.5452003479004,Melbourne CBD
2022-02-14,Melbourne CBD,10.304875,4524.14697265625,37.5452003479004,Melbourne CBD
2022-02-15,Melbourne CBD,8.886041666666667,4524.14697265625,37.5452003479004,Melbourne CBD
2022-02-16,Melbourne CBD,10.525,4524.14697265625,37.5452003479004,Melbourne CBD
2022-02-17,Melbourne CBD,6.635916666666667,4524.14697265625,37.5452003479004,Melbourne CBD
2022-02-18,Melbourne CBD,7.547875,4524.14697265625,37.5452003479004,Melbourne CBD
2022-02-19,Melbourne CBD,7.210083333333333,4524.14697265625,37.5452003479004,Melbourne CBD
2022-02-20,Melbourne CBD,7.864375,4524.14697265625,37.5452003479004,Melbourne CBD
2022-02-21,Melbourne CBD,5.711375,4524.14697265625,37.5452003479004,Melbourne CBD
2022-02-22,Melbourne CBD,7.447375,4524.14697265625,37.5452003479004,Melbourne CBD
2022-02-23,Melbourne CBD,11.426041666666668,4524.14697265625,37.5452003479004,Melbourne CBD
2022-02-24,Melbourne CBD,12.210916666666668,4524.14697265625,37.5452003479004,Melbourne CBD
2022-02-25,Melbourne CBD,7.7725,4524.14697265625,37.5452003479004,Melbourne CBD
2022-02-26,Melbourne CBD,5.843478260869565,4524.14697265625,37.5452003479004,Melbourne CBD
2022-02-27,Melbourne CBD,6.22795652173913,4524.14697265625,37.5452003479004,Melbourne CBD
2022-02-28,Melbourne CBD,7.969772727272727,4524.14697265625,37.5452003479004,Melbourne CBD
2022-03-01,Melbourne CBD,10.118375,4524.14697265625,37.5452003479004,Melbourne CBD
2022-03-02,Melbourne CBD,8.299791666666666,4524.14697265625,37.5452003479004,Melbourne CBD
2022-03-03,Melbourne CBD,9.658583333333334,4524.14697265625,37.5452003479004,Melbourne CBD
2022-03-04,Melbourne CBD,9.733083333333331,4524.14697265625,37.5452003479004,Melbourne CBD
2022-03-05,Melbourne CBD,6.262416666666667,4524.14697265625,37.5452003479004,Melbourne CBD
2022-03-06,Melbourne CBD,5.99475,4524.14697265625,37.5452003479004,Melbourne CBD
2022-03-07,Melbourne CBD,8.538166666666667,4524.14697265625,37.5452003479004,Melbourne CBD
2022-03-08,Melbourne CBD,5.849875,4524.14697265625,37.5452003479004,Melbourne CBD
2022-03-09,Melbourne CBD,7.607125,4524.14697265625,37.5452003479004,Melbourne CBD
2022-03-10,Melbourne CBD,7.379166666666666,4524.14697265625,37.5452003479004,Melbourne CBD
2022-03-11,Melbourne CBD,5.805041666666667,4524.14697265625,37.5452003479004,Melbourne CBD
2022-03-12,Melbourne CBD,5.9785,4524.14697265625,37.5452003479004,Melbourne CBD
2022-03-13,Melbourne CBD,9.310375,4524.14697265625,37.5452003479004,Melbourne CBD
2022-03-14,Melbourne CBD,20.960291666666667,4524.14697265625,37.5452003479004,Melbourne CBD
2022-03-15,Melbourne CBD,10.007875,4524.14697265625,37.5452003479004,Melbourne CBD
2022-03-16,Melbourne CBD,8.275958333333334,4524.14697265625,37.5452003479004,Melbourne CBD
2022-03-17,Melbourne CBD,7.441916666666667,4524.14697265625,37.5452003479004,Melbourne CBD
2022-03-18,Melbourne CBD,9.633166666666666,4524.14697265625,37.5452003479004,Melbourne CBD
2022-03-19,Melbourne CBD,6.916583333333333,4524.14697265625,37.5452003479004,Melbourne CBD
2022-03-20,Melbourne CBD,11.449541666666669,4524.14697265625,37.5452003479004,Melbourne CBD
2022-03-21,Melbourne CBD,17.554125,4524.14697265625,37.5452003479004,Melbourne CBD
2022-03-22,Melbourne CBD,11.73125,4524.14697265625,37.5452003479004,Melbourne CBD
2022-03-23,Melbourne CBD,7.30825,4524.14697265625,37.5452003479004,Melbourne CBD
2022-03-24,Melbourne CBD,7.131166666666666,4524.14697265625,37.5452003479004,Melbourne CBD
2022-03-25,Melbourne CBD,4.882541666666667,4524.14697265625,37.5452003479004,Melbourne CBD
2022-03-26,Melbourne CBD,9.163041666666668,4524.14697265625,37.5452003479004,Melbourne CBD
2022-03-27,Melbourne CBD,7.853666666666666,4524.14697265625,37.5452003479004,Melbourne CBD
2022-03-28,Melbourne CBD,15.619416666666666,4524.14697265625,37.5452003479004,Melbourne CBD
2022-03-29,Melbourne CBD,7.59790909090909,4524.14697265625,37.5452003479004,Melbourne CBD
2022-03-30,Melbourne CBD,5.604166666666667,4524.14697265625,37.5452003479004,Melbourne CBD
2022-03-31,Melbourne CBD,7.291083333333333,4524.14697265625,37.5452003479004,Melbourne CBD
2022-04-01,Melbourne CBD,4.701333333333333,4524.14697265625,37.5452003479004,Melbourne CBD
2022-04-02,Melbourne CBD,5.228666666666666,4524.14697265625,37.5452003479004,Melbourne CBD
2022-04-03,Melbourne CBD,3.8754545454545455,4524.14697265625,37.5452003479004,Melbourne CBD
2022-04-04,Melbourne CBD,5.020708333333333,4524.14697265625,37.5452003479004,Melbourne CBD
2022-04-05,Melbourne CBD,6.591458333333333,4524.14697265625,37.5452003479004,Melbourne CBD
2022-04-06,Melbourne CBD,7.018739130434783,4524.14697265625,37.5452003479004,Melbourne CBD
2022-04-07,Melbourne CBD,7.556083333333333,4524.14697265625,37.5452003479004,Melbourne CBD
2022-04-08,Melbourne CBD,8.624875000000001,4524.14697265625,37.5452003479004,Melbourne CBD
2022-04-09,Melbourne CBD,5.580583333333333,4524.14697265625,37.5452003479004,Melbourne CBD
2022-04-10,Melbourne CBD,5.022083333333334,4524.14697265625,37.5452003479004,Melbourne CBD
2022-04-11,Melbourne CBD,7.485208333333333,4524.14697265625,37.5452003479004,Melbourne CBD
2022-04-12,Melbourne CBD,5.959083333333333,4524.14697265625,37.5452003479004,Melbourne CBD
2022-04-13,Melbourne CBD,6.655583333333333,4524.14697265625,37.5452003479004,Melbourne CBD
2022-04-14,Melbourne CBD,7.629391304347826,4524.14697265625,37.5452003479004,Melbourne CBD
2022-04-15,Melbourne CBD,10.65,4524.14697265625,37.5452003479004,Melbourne CBD
2022-04-16,Melbourne CBD,9.774041666666667,4524.14697265625,37.5452003479004,Melbourne CBD
2022-04-17,Melbourne CBD,8.935208333333334,4524.14697265625,37.5452003479004,Melbourne CBD
2022-04-18,Melbourne CBD,5.811625,4524.14697265625,37.5452003479004,Melbourne CBD
2022-04-19,Melbourne CBD,6.91225,4524.14697265625,37.5452003479004,Melbourne CBD
2022-04-20,Melbourne CBD,5.700590909090909,4524.14697265625,37.5452003479004,Melbourne CBD
2022-04-21,Melbourne CBD,6.75145,4524.14697265625,37.5452003479004,Melbourne CBD
2022-04-22,Melbourne CBD,7.55225,4524.14697265625,37.5452003479004,Melbourne CBD
2022-04-23,Melbourne CBD,11.133916666666666,4524.14697265625,37.5452003479004,Melbourne CBD
2022-04-24,Melbourne CBD,14.910869565217393,4524.14697265625,37.5452003479004,Melbourne CBD
2022-04-25,Melbourne CBD,14.007875,4524.14697265625,37.5452003479004,Melbourne CBD
2022-04-26,Melbourne CBD,10.921416666666666,4524.14697265625,37.5452003479004,Melbourne CBD
2022-04-27,Melbourne CBD,7.886833333333333,4524.14697265625,37.5452003479004,Melbourne CBD
2022-04-28,Melbourne CBD,3.698541666666667,4524.14697265625,37.5452003479004,Melbourne CBD
2022-04-29,Melbourne CBD,3.879,4524.14697265625,37.5452003479004,Melbourne CBD
2022-04-30,Melbourne CBD,5.5800833333333335,4524.14697265625,37.5452003479004,Melbourne CBD
2022-05-01,Melbourne CBD,5.631125,4524.14697265625,37.5452003479004,Melbourne CBD
2022-05-02,Melbourne CBD,4.669625,4524.14697265625,37.5452003479004,Melbourne CBD
2022-05-03,Melbourne CBD,6.033625,4524.14697265625,37.5452003479004,Melbourne CBD
2022-05-04,Melbourne CBD,7.550875,4524.14697265625,37.5452003479004,Melbourne CBD
2022-05-05,Melbourne CBD,5.820608695652174,4524.14697265625,37.5452003479004,Melbourne CBD
2022-05-06,Melbourne CBD,7.099041666666667,4524.14697265625,37.5452003479004,Melbourne CBD
2022-05-07,Melbourne CBD,4.631652173913044,4524.14697265625,37.5452003479004,Melbourne CBD
2022-05-08,Melbourne CBD,5.509125,4524.14697265625,37.5452003479004,Melbourne CBD
2022-05-09,Melbourne CBD,8.250666666666666,4524.14697265625,37.5452003479004,Melbourne CBD
2022-05-10,Melbourne CBD,12.351916666666666,4524.14697265625,37.5452003479004,Melbourne CBD
2022-05-12,Melbourne CBD,16.973384615384614,4524.14697265625,37.5452003479004,Melbourne CBD
2022-05-13,Melbourne CBD,15.640875,4524.14697265625,37.5452003479004,Melbourne CBD
2022-05-14,Melbourne CBD,3.4235,4524.14697265625,37.5452003479004,Melbourne CBD
2022-05-15,Melbourne CBD,3.3754166666666667,4524.14697265625,37.5452003479004,Melbourne CBD
2022-05-16,Melbourne CBD,4.201958333333333,4524.14697265625,37.5452003479004,Melbourne CBD
2022-05-17,Melbourne CBD,3.6630416666666665,4524.14697265625,37.5452003479004,Melbourne CBD
2022-05-18,Melbourne CBD,5.463875000000001,4524.14697265625,37.5452003479004,Melbourne CBD
2022-05-19,Melbourne CBD,7.027208333333333,4524.14697265625,37.5452003479004,Melbourne CBD
2022-05-20,Melbourne CBD,5.636666666666667,4524.14697265625,37.5452003479004,Melbourne CBD
2022-05-21,Melbourne CBD,16.86525,4524.14697265625,37.5452003479004,Melbourne CBD
2022-05-22,Melbourne CBD,18.355708333333336,4524.14697265625,37.5452003479004,Melbourne CBD
2022-05-23,Melbourne CBD,25.542625,4524.14697265625,37.5452003479004,Melbourne CBD
2022-05-24,Melbourne CBD,17.589958333333332,4524.14697265625,37.5452003479004,Melbourne CBD
2022-05-25,Melbourne CBD,8.475041666666668,4524.14697265625,37.5452003479004,Melbourne CBD
2022-05-26,Melbourne CBD,5.888375,4524.14697265625,37.5452003479004,Melbourne CBD
2022-05-27,Melbourne CBD,2.947722222222222,4524.14697265625,37.5452003479004,Melbourne CBD
2022-05-28,Melbourne CBD,0.4000833333333333,4524.14697265625,37.5452003479004,Melbourne CBD
2022-05-29,Melbourne CBD,1.0302083333333334,4524.14697265625,37.5452003479004,Melbourne CBD
2022-05-30,Melbourne CBD,3.5850416666666667,4524.14697265625,37.5452003479004,Melbourne CBD
2022-05-31,Melbourne CBD,4.124,4524.14697265625,37.5452003479004,Melbourne CBD
2022-06-01,Melbourne CBD,5.564416666666666,4524.14697265625,37.5452003479004,Melbourne CBD
2022-06-02,Melbourne CBD,6.028958333333333,4524.14697265625,37.5452003479004,Melbourne CBD
2022-06-03,Melbourne CBD,5.273583333333334,4524.14697265625,37.5452003479004,Melbourne CBD
2022-06-04,Melbourne CBD,2.891458333333333,4524.14697265625,37.5452003479004,Melbourne CBD
2022-06-05,Melbourne CBD,2.8000416666666665,4524.14697265625,37.5452003479004,Melbourne CBD
2022-06-06,Melbourne CBD,3.151235294117647,4524.14697265625,37.5452003479004,Melbourne CBD
2022-06-07,Melbourne CBD,5.237875,4524.14697265625,37.5452003479004,Melbourne CBD
2022-06-08,Melbourne CBD,5.814208333333333,4524.14697265625,37.5452003479004,Melbourne CBD
2022-06-09,Melbourne CBD,4.112291666666667,4524.14697265625,37.5452003479004,Melbourne CBD
2022-06-10,Melbourne CBD,6.563833333333334,4524.14697265625,37.5452003479004,Melbourne CBD
2022-06-11,Melbourne CBD,6.608125,4524.14697265625,37.5452003479004,Melbourne CBD
2022-06-12,Melbourne CBD,5.713041666666666,4524.14697265625,37.5452003479004,Melbourne CBD
2022-06-13,Melbourne CBD,7.857041666666666,4524.14697265625,37.5452003479004,Melbourne CBD
2022-06-14,Melbourne CBD,5.057791666666667,4524.14697265625,37.5452003479004,Melbourne CBD
2022-06-15,Melbourne CBD,1.5821250000000002,4524.14697265625,37.5452003479004,Melbourne CBD
2022-06-16,Melbourne CBD,5.406875,4524.14697265625,37.5452003479004,Melbourne CBD
2022-06-17,Melbourne CBD,11.106291666666666,4524.14697265625,37.5452003479004,Melbourne CBD
2022-06-18,Melbourne CBD,12.223375,4524.14697265625,37.5452003479004,Melbourne CBD
2022-06-19,Melbourne CBD,13.967,4524.14697265625,37.5452003479004,Melbourne CBD
2022-06-20,Melbourne CBD,5.06475,4524.14697265625,37.5452003479004,Melbourne CBD
2022-06-21,Melbourne CBD,5.890083333333333,4524.14697265625,37.5452003479004,Melbourne CBD
2022-06-22,Melbourne CBD,3.815583333333333,4524.14697265625,37.5452003479004,Melbourne CBD
2022-06-23,Melbourne CBD,1.8380833333333333,4524.14697265625,37.5452003479004,Melbourne CBD
2022-06-24,Melbourne CBD,5.803208333333333,4524.14697265625,37.5452003479004,Melbourne CBD
2022-06-25,Melbourne CBD,3.473958333333333,4524.14697265625,37.5452003479004,Melbourne CBD
2022-06-26,Melbourne CBD,4.417916666666667,4524.14697265625,37.5452003479004,Melbourne CBD
2022-06-27,Melbourne CBD,8.538583333333333,4524.14697265625,37.5452003479004,Melbourne CBD
2022-06-28,Melbourne CBD,8.38225,4524.14697265625,37.5452003479004,Melbourne CBD
2022-06-29,Melbourne CBD,5.093875,4524.14697265625,37.5452003479004,Melbourne CBD
2022-06-30,Melbourne CBD,13.103708333333332,4524.14697265625,37.5452003479004,Melbourne CBD
2022-07-01,Melbourne CBD,12.409125,4524.14697265625,37.5452003479004,Melbourne CBD
2022-07-02,Melbourne CBD,7.85425,4524.14697265625,37.5452003479004,Melbourne CBD
2022-07-03,Melbourne CBD,6.817791666666667,4524.14697265625,37.5452003479004,Melbourne CBD
2022-07-04,Melbourne CBD,6.772416666666667,4524.14697265625,37.5452003479004,Melbourne CBD
2022-07-05,Melbourne CBD,8.398458333333334,4524.14697265625,37.5452003479004,Melbourne CBD
2022-07-06,Melbourne CBD,10.748583333333334,4524.14697265625,37.5452003479004,Melbourne CBD
2022-07-07,Melbourne CBD,9.121652173913043,4524.14697265625,37.5452003479004,Melbourne CBD
2022-07-08,Melbourne CBD,6.892541666666666,4524.14697265625,37.5452003479004,Melbourne CBD
2022-07-09,Melbourne CBD,7.540708333333334,4524.14697265625,37.5452003479004,Melbourne CBD
2022-07-10,Melbourne CBD,11.65825,4524.14697265625,37.5452003479004,Melbourne CBD
2022-07-11,Melbourne CBD,5.194875,4524.14697265625,37.5452003479004,Melbourne CBD
2022-07-12,Melbourne CBD,6.045750000000001,4524.14697265625,37.5452003479004,Melbourne CBD
2022-07-13,Melbourne CBD,7.430041666666667,4524.14697265625,37.5452003479004,Melbourne CBD
2022-07-14,Melbourne CBD,8.819041666666667,4524.14697265625,37.5452003479004,Melbourne CBD
2022-07-15,Melbourne CBD,8.857999999999999,4524.14697265625,37.5452003479004,Melbourne CBD
2022-07-16,Melbourne CBD,3.60575,4524.14697265625,37.5452003479004,Melbourne CBD
2022-07-17,Melbourne CBD,3.0972500000000003,4524.14697265625,37.5452003479004,Melbourne CBD
2022-07-18,Melbourne CBD,5.316541666666667,4524.14697265625,37.5452003479004,Melbourne CBD
2022-07-19,Melbourne CBD,8.507958333333333,4524.14697265625,37.5452003479004,Melbourne CBD
2022-07-20,Melbourne CBD,16.689541666666667,4524.14697265625,37.5452003479004,Melbourne CBD
2022-07-21,Melbourne CBD,19.354916666666668,4524.14697265625,37.5452003479004,Melbourne CBD
2022-07-22,Melbourne CBD,11.13778947368421,4524.14697265625,37.5452003479004,Melbourne CBD
2022-07-23,Melbourne CBD,9.744833333333334,4524.14697265625,37.5452003479004,Melbourne CBD
2022-07-24,Melbourne CBD,7.159260869565218,4524.14697265625,37.5452003479004,Melbourne CBD
2022-07-25,Melbourne CBD,5.5645,4524.14697265625,37.5452003479004,Melbourne CBD
2022-07-26,Melbourne CBD,7.257791666666667,4524.14697265625,37.5452003479004,Melbourne CBD
2022-07-27,Melbourne CBD,6.154083333333333,4524.14697265625,37.5452003479004,Melbourne CBD
2022-07-28,Melbourne CBD,7.745875000000001,4524.14697265625,37.5452003479004,Melbourne CBD
2022-07-29,Melbourne CBD,9.491666666666667,4524.14697265625,37.5452003479004,Melbourne CBD
2022-07-30,Melbourne CBD,10.566875,4524.14697265625,37.5452003479004,Melbourne CBD
2022-07-31,Melbourne CBD,3.103291666666667,4524.14697265625,37.5452003479004,Melbourne CBD
2022-08-01,Melbourne CBD,4.110826086956522,4524.14697265625,37.5452003479004,Melbourne CBD
2022-08-02,Melbourne CBD,3.690434782608696,4524.14697265625,37.5452003479004,Melbourne CBD
2022-08-03,Melbourne CBD,3.551458333333333,4524.14697265625,37.5452003479004,Melbourne CBD
2022-08-04,Melbourne CBD,4.197416666666666,4524.14697265625,37.5452003479004,Melbourne CBD
2022-08-05,Melbourne CBD,4.2299,4524.14697265625,37.5452003479004,Melbourne CBD
2022-08-06,Melbourne CBD,5.414782608695652,4524.14697265625,37.5452003479004,Melbourne CBD
2022-08-07,Melbourne CBD,8.541791666666667,4524.14697265625,37.5452003479004,Melbourne CBD
2022-08-08,Melbourne CBD,10.58468181818182,4524.14697265625,37.5452003479004,Melbourne CBD
2022-08-09,Melbourne CBD,13.111,4524.14697265625,37.5452003479004,Melbourne CBD
2022-08-10,Melbourne CBD,11.448625,4524.14697265625,37.5452003479004,Melbourne CBD
2022-08-11,Melbourne CBD,3.467583333333333,4524.14697265625,37.5452003479004,Melbourne CBD
2022-08-12,Melbourne CBD,5.031869565217392,4524.14697265625,37.5452003479004,Melbourne CBD
2022-08-13,Melbourne CBD,11.241636363636363,4524.14697265625,37.5452003479004,Melbourne CBD
2022-08-14,Melbourne CBD,5.641750000000001,4524.14697265625,37.5452003479004,Melbourne CBD
2022-08-15,Melbourne CBD,3.597208333333333,4524.14697265625,37.5452003479004,Melbourne CBD
2022-08-16,Melbourne CBD,7.290833333333333,4524.14697265625,37.5452003479004,Melbourne CBD
2022-08-17,Melbourne CBD,6.052625,4524.14697265625,37.5452003479004,Melbourne CBD
2022-08-18,Melbourne CBD,2.1021666666666667,4524.14697265625,37.5452003479004,Melbourne CBD
2022-08-19,Melbourne CBD,6.425625,4524.14697265625,37.5452003479004,Melbourne CBD
2022-08-20,Melbourne CBD,5.388708333333334,4524.14697265625,37.5452003479004,Melbourne CBD
2022-08-21,Melbourne CBD,8.834999999999999,4524.14697265625,37.5452003479004,Melbourne CBD
2022-08-22,Melbourne CBD,3.375,4524.14697265625,37.5452003479004,Melbourne CBD
2022-08-23,Melbourne CBD,6.306434782608696,4524.14697265625,37.5452003479004,Melbourne CBD
2022-08-24,Melbourne CBD,6.472130434782609,4524.14697265625,37.5452003479004,Melbourne CBD
2022-08-25,Melbourne CBD,5.003625,4524.14697265625,37.5452003479004,Melbourne CBD
2022-08-26,Melbourne CBD,7.032583333333334,4524.14697265625,37.5452003479004,Melbourne CBD
2022-08-27,Melbourne CBD,10.326166666666667,4524.14697265625,37.5452003479004,Melbourne CBD
2022-08-28,Melbourne CBD,9.835791666666667,4524.14697265625,37.5452003479004,Melbourne CBD
2022-08-29,Melbourne CBD,7.834,4524.14697265625,37.5452003479004,Melbourne CBD
2022-08-30,Melbourne CBD,5.2863750000000005,4524.14697265625,37.5452003479004,Melbourne CBD
2022-08-31,Melbourne CBD,5.871818181818182,4524.14697265625,37.5452003479004,Melbourne CBD
2022-09-01,Melbourne CBD,5.07,4524.14697265625,37.5452003479004,Melbourne CBD
2022-09-03,Melbourne CBD,7.716333333333334,4524.14697265625,37.5452003479004,Melbourne CBD
2022-09-04,Melbourne CBD,2.636,4524.14697265625,37.5452003479004,Melbourne CBD
2022-09-05,Melbourne CBD,4.515,4524.14697265625,37.5452003479004,Melbourne CBD
2022-09-08,Melbourne CBD,6.651,4524.14697265625,37.5452003479004,Melbourne CBD
2022-09-09,Melbourne CBD,4.1240000000000006,4524.14697265625,37.5452003479004,Melbourne CBD
2022-09-10,Melbourne CBD,4.371,4524.14697265625,37.5452003479004,Melbourne CBD
2022-09-11,Melbourne CBD,4.9095,4524.14697265625,37.5452003479004,Melbourne CBD
2022-09-12,Melbourne CBD,6.897,4524.14697265625,37.5452003479004,Melbourne CBD
2022-09-14,Melbourne CBD,14.72,4524.14697265625,37.5452003479004,Melbourne CBD
2022-09-15,Melbourne CBD,4.0683333333333325,4524.14697265625,37.5452003479004,Melbourne CBD
2022-09-16,Melbourne CBD,5.465,4524.14697265625,37.5452003479004,Melbourne CBD
2022-09-17,Melbourne CBD,7.28,4524.14697265625,37.5452003479004,Melbourne CBD
2022-09-18,Melbourne CBD,2.459,4524.14697265625,37.5452003479004,Melbourne CBD
2022-09-19,Melbourne CBD,6.424,4524.14697265625,37.5452003479004,Melbourne CBD
2022-09-20,Melbourne CBD,5.294,4524.14697265625,37.5452003479004,Melbourne CBD
2022-09-22,Melbourne CBD,13.631,4524.14697265625,37.5452003479004,Melbourne CBD
2022-09-23,Melbourne CBD,8.657,4524.14697265625,37.5452003479004,Melbourne CBD
2022-09-24,Melbourne CBD,7.555,4524.14697265625,37.5452003479004,Melbourne CBD
2022-09-25,Melbourne CBD,9.427,4524.14697265625,37.5452003479004,Melbourne CBD
2022-09-27,Melbourne CBD,10.09,4524.14697265625,37.5452003479004,Melbourne CBD
2022-09-28,Melbourne CBD,4.319166666666667,4524.14697265625,37.5452003479004,Melbourne CBD
2022-09-30,Melbourne CBD,4.277,4524.14697265625,37.5452003479004,Melbourne CBD
2022-10-03,Melbourne CBD,7.848,4524.14697265625,37.5452003479004,Melbourne CBD
2022-10-06,Melbourne CBD,0.292,4524.14697265625,37.5452003479004,Melbourne CBD
2022-10-10,Melbourne CBD,5.879,4524.14697265625,37.5452003479004,Melbourne CBD
2022-10-13,Melbourne CBD,6.757,4524.14697265625,37.5452003479004,Melbourne CBD
2022-10-20,Melbourne CBD,2.363,4524.14697265625,37.5452003479004,Melbourne CBD
2022-10-21,Melbourne CBD,3.934,4524.14697265625,37.5452003479004,Melbourne CBD
2022-10-26,Melbourne CBD,6.905,4524.14697265625,37.5452003479004,Melbourne CBD
2022-10-27,Melbourne CBD,-0.222,4524.14697265625,37.5452003479004,Melbourne CBD
2022-10-28,Melbourne CBD,1.9568,4524.14697265625,37.5452003479004,Melbourne CBD
2022-10-29,Melbourne CBD,4.718541666666667,4524.14697265625,37.5452003479004,Melbourne CBD
2022-10-30,Melbourne CBD,5.417727272727273,4524.14697265625,37.5452003479004,Melbourne CBD
2022-10-31,Melbourne CBD,3.940708333333333,4524.14697265625,37.5452003479004,Melbourne CBD
2022-11-01,Melbourne CBD,4.144166666666666,4524.14697265625,37.5452003479004,Melbourne CBD
2022-11-02,Melbourne CBD,3.654041666666666,4524.14697265625,37.5452003479004,Melbourne CBD
2022-11-03,Melbourne CBD,6.742166666666667,4524.14697265625,37.5452003479004,Melbourne CBD
2022-11-04,Melbourne CBD,5.647333333333333,4524.14697265625,37.5452003479004,Melbourne CBD
2022-11-05,Melbourne CBD,7.387249999999999,4524.14697265625,37.5452003479004,Melbourne CBD
2022-11-06,Melbourne CBD,7.309208333333333,4524.14697265625,37.5452003479004,Melbourne CBD
2022-11-07,Melbourne CBD,10.187791666666667,4524.14697265625,37.5452003479004,Melbourne CBD
2022-11-08,Melbourne CBD,6.788666666666667,4524.14697265625,37.5452003479004,Melbourne CBD
2022-11-09,Melbourne CBD,8.103291666666665,4524.14697265625,37.5452003479004,Melbourne CBD
2022-11-10,Melbourne CBD,7.943208333333334,4524.14697265625,37.5452003479004,Melbourne CBD
2022-11-11,Melbourne CBD,6.399958333333333,4524.14697265625,37.5452003479004,Melbourne CBD
2022-11-12,Melbourne CBD,8.676416666666666,4524.14697265625,37.5452003479004,Melbourne CBD
2022-11-13,Melbourne CBD,5.806454545454546,4524.14697265625,37.5452003479004,Melbourne CBD
2022-11-14,Melbourne CBD,5.472916666666666,4524.14697265625,37.5452003479004,Melbourne CBD
2022-11-15,Melbourne CBD,5.288875,4524.14697265625,37.5452003479004,Melbourne CBD
2022-11-16,Melbourne CBD,6.653291666666667,4524.14697265625,37.5452003479004,Melbourne CBD
2022-11-17,Melbourne CBD,4.551458333333334,4524.14697265625,37.5452003479004,Melbourne CBD
2022-11-18,Melbourne CBD,5.681,4524.14697265625,37.5452003479004,Melbourne CBD
2022-11-19,Melbourne CBD,5.190913043478261,4524.14697265625,37.5452003479004,Melbourne CBD
2022-11-20,Melbourne CBD,4.882375000000001,4524.14697265625,37.5452003479004,Melbourne CBD
2022-11-21,Melbourne CBD,7.457666666666667,4524.14697265625,37.5452003479004,Melbourne CBD
2022-11-22,Melbourne CBD,6.366291666666666,4524.14697265625,37.5452003479004,Melbourne CBD
2022-11-23,Melbourne CBD,4.9965,4524.14697265625,37.5452003479004,Melbourne CBD
2022-11-24,Melbourne CBD,5.894583333333333,4524.14697265625,37.5452003479004,Melbourne CBD
2022-11-25,Melbourne CBD,6.891291666666668,4524.14697265625,37.5452003479004,Melbourne CBD
2022-11-26,Melbourne CBD,5.975208333333334,4524.14697265625,37.5452003479004,Melbourne CBD
2022-11-27,Melbourne CBD,6.1349583333333335,4524.14697265625,37.5452003479004,Melbourne CBD
2022-11-28,Melbourne CBD,4.815333333333333,4524.14697265625,37.5452003479004,Melbourne CBD
2022-11-29,Melbourne CBD,8.083958333333333,4524.14697265625,37.5452003479004,Melbourne CBD
2022-11-30,Melbourne CBD,5.957291666666666,4524.14697265625,37.5452003479004,Melbourne CBD
2022-12-01,Melbourne CBD,12.480869565217391,4524.14697265625,37.5452003479004,Melbourne CBD
2022-12-02,Melbourne CBD,12.946857142857144,4524.14697265625,37.5452003479004,Melbourne CBD
2022-12-03,Melbourne CBD,10.348375,4524.14697265625,37.5452003479004,Melbourne CBD
2022-12-04,Melbourne CBD,9.142291666666669,4524.14697265625,37.5452003479004,Melbourne CBD
2022-12-05,Melbourne CBD,8.772791666666667,4524.14697265625,37.5452003479004,Melbourne CBD
2022-12-06,Melbourne CBD,5.397166666666667,4524.14697265625,37.5452003479004,Melbourne CBD
2022-12-07,Melbourne CBD,6.1222916666666665,4524.14697265625,37.5452003479004,Melbourne CBD
2022-12-08,Melbourne CBD,5.819,4524.14697265625,37.5452003479004,Melbourne CBD
2022-12-09,Melbourne CBD,6.224041666666667,4524.14697265625,37.5452003479004,Melbourne CBD
2022-12-10,Melbourne CBD,8.376416666666666,4524.14697265625,37.5452003479004,Melbourne CBD
2022-12-11,Melbourne CBD,6.561708333333333,4524.14697265625,37.5452003479004,Melbourne CBD
2022-12-12,Melbourne CBD,5.741666666666667,4524.14697265625,37.5452003479004,Melbourne CBD
2022-12-13,Melbourne CBD,6.785904761904762,4524.14697265625,37.5452003479004,Melbourne CBD
2022-12-14,Melbourne CBD,7.507041666666667,4524.14697265625,37.5452003479004,Melbourne CBD
2022-12-15,Melbourne CBD,6.064708333333333,4524.14697265625,37.5452003479004,Melbourne CBD
2022-12-16,Melbourne CBD,4.819708333333334,4524.14697265625,37.5452003479004,Melbourne CBD
2022-12-17,Melbourne CBD,4.709583333333334,4524.14697265625,37.5452003479004,Melbourne CBD
2022-12-18,Melbourne CBD,3.1300833333333333,4524.14697265625,37.5452003479004,Melbourne CBD
2022-12-19,Melbourne CBD,6.647166666666667,4524.14697265625,37.5452003479004,Melbourne CBD
2022-12-20,Melbourne CBD,7.174333333333333,4524.14697265625,37.5452003479004,Melbourne CBD
2022-12-21,Melbourne CBD,6.835958333333333,4524.14697265625,37.5452003479004,Melbourne CBD
2022-12-22,Melbourne CBD,8.189,4524.14697265625,37.5452003479004,Melbourne CBD
2022-12-23,Melbourne CBD,11.613454545454546,4524.14697265625,37.5452003479004,Melbourne CBD
2022-12-24,Melbourne CBD,6.399249999999999,4524.14697265625,37.5452003479004,Melbourne CBD
2022-12-25,Melbourne CBD,5.401166666666668,4524.14697265625,37.5452003479004,Melbourne CBD
2022-12-26,Melbourne CBD,10.60375,4524.14697265625,37.5452003479004,Melbourne CBD
2022-12-27,Melbourne CBD,9.078958333333333,4524.14697265625,37.5452003479004,Melbourne CBD
2022-12-28,Melbourne CBD,6.08875,4524.14697265625,37.5452003479004,Melbourne CBD
2022-12-29,Melbourne CBD,6.105545454545455,4524.14697265625,37.5452003479004,Melbourne CBD
2022-12-30,Melbourne CBD,8.914250000000001,4524.14697265625,37.5452003479004,Melbourne CBD
2022-12-31,Melbourne CBD,10.521625,4524.14697265625,37.5452003479004,Melbourne CBD
2024-05-09,Melbourne CBD,28.89,4524.14697265625,37.5452003479004,Melbourne CBD
2024-05-09,Melbourne CBD,28.89,4524.14697265625,37.5452003479004,Melbourne CBD
2022-01-01,Box Hill,6.762608695652173,2737.55029296875,64.2800979614258,Box Hill
2022-01-02,Box Hill,6.533625000000001,2737.55029296875,64.2800979614258,Box Hill
2022-01-03,Box Hill,4.597625,2737.55029296875,64.2800979614258,Box Hill
2022-01-04,Box Hill,7.529208333333333,2737.55029296875,64.2800979614258,Box Hill
2022-01-05,Box Hill,3.565958333333333,2737.55029296875,64.2800979614258,Box Hill
2022-01-06,Box Hill,2.7482608695652173,2737.55029296875,64.2800979614258,Box Hill
2022-01-07,Box Hill,3.648958333333333,2737.55029296875,64.2800979614258,Box Hill
2022-01-08,Box Hill,3.579083333333333,2737.55029296875,64.2800979614258,Box Hill
2022-01-09,Box Hill,5.296875,2737.55029296875,64.2800979614258,Box Hill
2022-01-10,Box Hill,10.120375,2737.55029296875,64.2800979614258,Box Hill
2022-01-11,Box Hill,7.330208333333334,2737.55029296875,64.2800979614258,Box Hill
2022-01-12,Box Hill,2.6008333333333336,2737.55029296875,64.2800979614258,Box Hill
2022-01-13,Box Hill,3.1347083333333337,2737.55029296875,64.2800979614258,Box Hill
2022-01-14,Box Hill,5.537708333333334,2737.55029296875,64.2800979614258,Box Hill
2022-01-15,Box Hill,4.313833333333333,2737.55029296875,64.2800979614258,Box Hill
2022-01-16,Box Hill,4.390375,2737.55029296875,64.2800979614258,Box Hill
2022-01-17,Box Hill,5.677958333333333,2737.55029296875,64.2800979614258,Box Hill
2022-01-18,Box Hill,5.289208333333334,2737.55029296875,64.2800979614258,Box Hill
2022-01-19,Box Hill,6.292708333333334,2737.55029296875,64.2800979614258,Box Hill
2022-01-20,Box Hill,4.512583333333334,2737.55029296875,64.2800979614258,Box Hill
2022-01-21,Box Hill,5.934,2737.55029296875,64.2800979614258,Box Hill
2022-01-22,Box Hill,6.761500000000001,2737.55029296875,64.2800979614258,Box Hill
2022-01-23,Box Hill,5.972541666666667,2737.55029296875,64.2800979614258,Box Hill
2022-01-24,Box Hill,6.691333333333334,2737.55029296875,64.2800979614258,Box Hill
2022-01-25,Box Hill,9.394333333333334,2737.55029296875,64.2800979614258,Box Hill
2022-01-26,Box Hill,10.631333333333334,2737.55029296875,64.2800979614258,Box Hill
2022-01-27,Box Hill,7.928875000000001,2737.55029296875,64.2800979614258,Box Hill
2022-01-28,Box Hill,5.25775,2737.55029296875,64.2800979614258,Box Hill
2022-01-29,Box Hill,3.3512083333333336,2737.55029296875,64.2800979614258,Box Hill
2022-01-30,Box Hill,3.998583333333333,2737.55029296875,64.2800979614258,Box Hill
2022-01-31,Box Hill,6.7475,2737.55029296875,64.2800979614258,Box Hill
2022-02-01,Box Hill,7.0525416666666665,2737.55029296875,64.2800979614258,Box Hill
2022-02-02,Box Hill,3.9015,2737.55029296875,64.2800979614258,Box Hill
2022-02-03,Box Hill,3.689208333333333,2737.55029296875,64.2800979614258,Box Hill
2022-02-04,Box Hill,3.6835416666666663,2737.55029296875,64.2800979614258,Box Hill
2022-02-05,Box Hill,2.8864583333333336,2737.55029296875,64.2800979614258,Box Hill
2022-02-06,Box Hill,3.177318181818181,2737.55029296875,64.2800979614258,Box Hill
2022-02-07,Box Hill,3.582125,2737.55029296875,64.2800979614258,Box Hill
2022-02-08,Box Hill,1.9834166666666664,2737.55029296875,64.2800979614258,Box Hill
2022-02-09,Box Hill,4.305375,2737.55029296875,64.2800979614258,Box Hill
2022-02-10,Box Hill,5.489304347826087,2737.55029296875,64.2800979614258,Box Hill
2022-02-11,Box Hill,5.813454545454546,2737.55029296875,64.2800979614258,Box Hill
2022-02-12,Box Hill,4.751333333333333,2737.55029296875,64.2800979614258,Box Hill
2022-02-13,Box Hill,4.59625,2737.55029296875,64.2800979614258,Box Hill
2022-02-14,Box Hill,8.114708333333333,2737.55029296875,64.2800979614258,Box Hill
2022-02-15,Box Hill,8.565166666666666,2737.55029296875,64.2800979614258,Box Hill
2022-02-16,Box Hill,7.678333333333334,2737.55029296875,64.2800979614258,Box Hill
2022-02-17,Box Hill,5.474958333333333,2737.55029296875,64.2800979614258,Box Hill
2022-02-18,Box Hill,6.386043478260869,2737.55029296875,64.2800979614258,Box Hill
2022-02-19,Box Hill,5.609416666666667,2737.55029296875,64.2800979614258,Box Hill
2022-02-20,Box Hill,6.182875,2737.55029296875,64.2800979614258,Box Hill
2022-02-21,Box Hill,4.295636363636364,2737.55029296875,64.2800979614258,Box Hill
2022-02-22,Box Hill,5.371086956521739,2737.55029296875,64.2800979614258,Box Hill
2022-02-23,Box Hill,5.817083333333334,2737.55029296875,64.2800979614258,Box Hill
2022-02-24,Box Hill,10.26825,2737.55029296875,64.2800979614258,Box Hill
2022-02-25,Box Hill,5.976333333333334,2737.55029296875,64.2800979614258,Box Hill
2022-02-26,Box Hill,2.940333333333333,2737.55029296875,64.2800979614258,Box Hill
2022-02-27,Box Hill,3.7222916666666666,2737.55029296875,64.2800979614258,Box Hill
2022-02-28,Box Hill,5.892,2737.55029296875,64.2800979614258,Box Hill
2022-03-01,Box Hill,6.831958333333334,2737.55029296875,64.2800979614258,Box Hill
2022-03-02,Box Hill,4.416666666666667,2737.55029296875,64.2800979614258,Box Hill
2022-03-03,Box Hill,6.000083333333333,2737.55029296875,64.2800979614258,Box Hill
2022-03-04,Box Hill,5.812833333333334,2737.55029296875,64.2800979614258,Box Hill
2022-03-05,Box Hill,4.4910000000000005,2737.55029296875,64.2800979614258,Box Hill
2022-03-06,Box Hill,4.259916666666666,2737.55029296875,64.2800979614258,Box Hill
2022-03-07,Box Hill,4.41,2737.55029296875,64.2800979614258,Box Hill
2022-03-08,Box Hill,3.607352941176471,2737.55029296875,64.2800979614258,Box Hill
2022-03-09,Box Hill,5.105521739130435,2737.55029296875,64.2800979614258,Box Hill
2022-03-10,Box Hill,4.143217391304348,2737.55029296875,64.2800979614258,Box Hill
2022-03-11,Box Hill,2.843772727272728,2737.55029296875,64.2800979614258,Box Hill
2022-03-12,Box Hill,4.593791666666667,2737.55029296875,64.2800979614258,Box Hill
2022-03-13,Box Hill,12.159166666666666,2737.55029296875,64.2800979614258,Box Hill
2022-03-14,Box Hill,23.732125,2737.55029296875,64.2800979614258,Box Hill
2022-03-15,Box Hill,8.630666666666666,2737.55029296875,64.2800979614258,Box Hill
2022-03-16,Box Hill,6.942041666666667,2737.55029296875,64.2800979614258,Box Hill
2022-03-17,Box Hill,4.380208333333333,2737.55029296875,64.2800979614258,Box Hill
2022-03-18,Box Hill,6.756208333333333,2737.55029296875,64.2800979614258,Box Hill
2022-03-19,Box Hill,5.156,2737.55029296875,64.2800979614258,Box Hill
2022-03-20,Box Hill,12.124652173913043,2737.55029296875,64.2800979614258,Box Hill
2022-03-21,Box Hill,14.901478260869563,2737.55029296875,64.2800979614258,Box Hill
2022-03-22,Box Hill,10.722333333333331,2737.55029296875,64.2800979614258,Box Hill
2022-03-23,Box Hill,4.380916666666667,2737.55029296875,64.2800979614258,Box Hill
2022-03-24,Box Hill,5.4035,2737.55029296875,64.2800979614258,Box Hill
2022-03-25,Box Hill,3.126125,2737.55029296875,64.2800979614258,Box Hill
2022-03-26,Box Hill,7.666086956521739,2737.55029296875,64.2800979614258,Box Hill
2022-03-27,Box Hill,10.738458333333334,2737.55029296875,64.2800979614258,Box Hill
2022-03-28,Box Hill,37.187666666666665,2737.55029296875,64.2800979614258,Box Hill
2022-03-29,Box Hill,4.453695652173913,2737.55029296875,64.2800979614258,Box Hill
2022-03-30,Box Hill,2.949583333333333,2737.55029296875,64.2800979614258,Box Hill
2022-03-31,Box Hill,4.164041666666667,2737.55029296875,64.2800979614258,Box Hill
2022-04-01,Box Hill,4.019166666666666,2737.55029296875,64.2800979614258,Box Hill
2022-04-02,Box Hill,2.215625,2737.55029296875,64.2800979614258,Box Hill
2022-04-03,Box Hill,2.825565217391304,2737.55029296875,64.2800979614258,Box Hill
2022-04-04,Box Hill,2.2965,2737.55029296875,64.2800979614258,Box Hill
2022-04-05,Box Hill,3.8245714285714287,2737.55029296875,64.2800979614258,Box Hill
2022-04-06,Box Hill,4.748900000000001,2737.55029296875,64.2800979614258,Box Hill
2022-04-07,Box Hill,3.9492500000000006,2737.55029296875,64.2800979614258,Box Hill
2022-04-08,Box Hill,4.7210833333333335,2737.55029296875,64.2800979614258,Box Hill
2022-04-09,Box Hill,2.0640869565217392,2737.55029296875,64.2800979614258,Box Hill
2022-04-10,Box Hill,4.014208333333333,2737.55029296875,64.2800979614258,Box Hill
2022-04-11,Box Hill,5.1275,2737.55029296875,64.2800979614258,Box Hill
2022-04-12,Box Hill,2.707125,2737.55029296875,64.2800979614258,Box Hill
2022-04-13,Box Hill,4.434583333333333,2737.55029296875,64.2800979614258,Box Hill
2022-04-14,Box Hill,5.649125000000001,2737.55029296875,64.2800979614258,Box Hill
2022-04-15,Box Hill,9.594458333333334,2737.55029296875,64.2800979614258,Box Hill
2022-04-16,Box Hill,10.67125,2737.55029296875,64.2800979614258,Box Hill
2022-04-17,Box Hill,10.142416666666668,2737.55029296875,64.2800979614258,Box Hill
2022-04-18,Box Hill,5.631041666666667,2737.55029296875,64.2800979614258,Box Hill
2022-04-19,Box Hill,3.582708333333333,2737.55029296875,64.2800979614258,Box Hill
2022-04-20,Box Hill,2.974266666666667,2737.55029296875,64.2800979614258,Box Hill
2022-04-21,Box Hill,4.750590909090909,2737.55029296875,64.2800979614258,Box Hill
2022-04-22,Box Hill,4.940708333333333,2737.55029296875,64.2800979614258,Box Hill
2022-04-23,Box Hill,7.573333333333333,2737.55029296875,64.2800979614258,Box Hill
2022-04-24,Box Hill,13.661875,2737.55029296875,64.2800979614258,Box Hill
2022-04-25,Box Hill,14.000749999999998,2737.55029296875,64.2800979614258,Box Hill
2022-04-26,Box Hill,11.026083333333332,2737.55029296875,64.2800979614258,Box Hill
2022-04-27,Box Hill,8.219478260869565,2737.55029296875,64.2800979614258,Box Hill
2022-04-28,Box Hill,3.053708333333333,2737.55029296875,64.2800979614258,Box Hill
2022-04-29,Box Hill,1.3262173913043478,2737.55029296875,64.2800979614258,Box Hill
2022-04-30,Box Hill,4.34425,2737.55029296875,64.2800979614258,Box Hill
2022-05-01,Box Hill,4.296916666666667,2737.55029296875,64.2800979614258,Box Hill
2022-05-02,Box Hill,3.120041666666667,2737.55029296875,64.2800979614258,Box Hill
2022-05-03,Box Hill,4.824458333333333,2737.55029296875,64.2800979614258,Box Hill
2022-05-04,Box Hill,4.148,2737.55029296875,64.2800979614258,Box Hill
2022-05-05,Box Hill,5.474291666666667,2737.55029296875,64.2800979614258,Box Hill
2022-05-06,Box Hill,4.748826086956521,2737.55029296875,64.2800979614258,Box Hill
2022-05-07,Box Hill,2.4884166666666667,2737.55029296875,64.2800979614258,Box Hill
2022-05-08,Box Hill,3.370958333333333,2737.55029296875,64.2800979614258,Box Hill
2022-05-09,Box Hill,7.107666666666667,2737.55029296875,64.2800979614258,Box Hill
2022-05-10,Box Hill,8.430958333333333,2737.55029296875,64.2800979614258,Box Hill
2022-05-11,Box Hill,15.158708333333337,2737.55029296875,64.2800979614258,Box Hill
2022-05-12,Box Hill,12.63245,2737.55029296875,64.2800979614258,Box Hill
2022-05-13,Box Hill,13.304083333333333,2737.55029296875,64.2800979614258,Box Hill
2022-05-14,Box Hill,2.588458333333333,2737.55029296875,64.2800979614258,Box Hill
2022-05-15,Box Hill,2.310375,2737.55029296875,64.2800979614258,Box Hill
2022-05-16,Box Hill,2.763304347826087,2737.55029296875,64.2800979614258,Box Hill
2022-05-17,Box Hill,1.404875,2737.55029296875,64.2800979614258,Box Hill
2022-05-18,Box Hill,2.5078333333333336,2737.55029296875,64.2800979614258,Box Hill
2022-05-19,Box Hill,3.850434782608696,2737.55029296875,64.2800979614258,Box Hill
2022-05-20,Box Hill,4.179083333333334,2737.55029296875,64.2800979614258,Box Hill
2022-05-21,Box Hill,14.805083333333334,2737.55029296875,64.2800979614258,Box Hill
2022-05-22,Box Hill,21.052,2737.55029296875,64.2800979614258,Box Hill
2022-05-23,Box Hill,16.942083333333333,2737.55029296875,64.2800979614258,Box Hill
2022-05-24,Box Hill,9.553391304347826,2737.55029296875,64.2800979614258,Box Hill
2022-05-25,Box Hill,7.810166666666666,2737.55029296875,64.2800979614258,Box Hill
2022-05-26,Box Hill,3.0620833333333333,2737.55029296875,64.2800979614258,Box Hill
2022-05-27,Box Hill,7.314588235294117,2737.55029296875,64.2800979614258,Box Hill
2022-05-28,Box Hill,11.242916666666666,2737.55029296875,64.2800979614258,Box Hill
2022-05-29,Box Hill,5.358391304347826,2737.55029296875,64.2800979614258,Box Hill
2022-05-30,Box Hill,5.0035,2737.55029296875,64.2800979614258,Box Hill
2022-05-31,Box Hill,3.0420416666666665,2737.55029296875,64.2800979614258,Box Hill
2022-06-01,Box Hill,3.0234166666666664,2737.55029296875,64.2800979614258,Box Hill
2022-06-02,Box Hill,3.855875,2737.55029296875,64.2800979614258,Box Hill
2022-06-03,Box Hill,2.9270416666666663,2737.55029296875,64.2800979614258,Box Hill
2022-06-04,Box Hill,1.6218333333333332,2737.55029296875,64.2800979614258,Box Hill
2022-06-05,Box Hill,0.952,2737.55029296875,64.2800979614258,Box Hill
2022-06-06,Box Hill,2.446875,2737.55029296875,64.2800979614258,Box Hill
2022-06-07,Box Hill,1.4125,2737.55029296875,64.2800979614258,Box Hill
2022-06-08,Box Hill,2.3386666666666667,2737.55029296875,64.2800979614258,Box Hill
2022-06-09,Box Hill,2.24875,2737.55029296875,64.2800979614258,Box Hill
2022-06-10,Box Hill,3.360333333333333,2737.55029296875,64.2800979614258,Box Hill
2022-06-11,Box Hill,4.745625,2737.55029296875,64.2800979614258,Box Hill
2022-06-12,Box Hill,3.808625,2737.55029296875,64.2800979614258,Box Hill
2022-06-13,Box Hill,6.468333333333334,2737.55029296875,64.2800979614258,Box Hill
2022-06-14,Box Hill,7.309333333333332,2737.55029296875,64.2800979614258,Box Hill
2022-06-22,Box Hill,2.335142857142857,2737.55029296875,64.2800979614258,Box Hill
2022-06-23,Box Hill,0.6340416666666667,2737.55029296875,64.2800979614258,Box Hill
2022-06-24,Box Hill,3.1468333333333334,2737.55029296875,64.2800979614258,Box Hill
2022-06-25,Box Hill,1.7182916666666666,2737.55029296875,64.2800979614258,Box Hill
2022-06-26,Box Hill,2.1457083333333333,2737.55029296875,64.2800979614258,Box Hill
2022-06-27,Box Hill,5.268333333333333,2737.55029296875,64.2800979614258,Box Hill
2022-06-28,Box Hill,5.05225,2737.55029296875,64.2800979614258,Box Hill
2022-06-29,Box Hill,3.92855,2737.55029296875,64.2800979614258,Box Hill
2022-06-30,Box Hill,7.57659090909091,2737.55029296875,64.2800979614258,Box Hill
2022-07-01,Box Hill,12.16325,2737.55029296875,64.2800979614258,Box Hill
2022-07-02,Box Hill,4.912208333333333,2737.55029296875,64.2800979614258,Box Hill
2022-07-03,Box Hill,4.505791666666666,2737.55029296875,64.2800979614258,Box Hill
2022-07-04,Box Hill,4.614833333333333,2737.55029296875,64.2800979614258,Box Hill
2022-07-05,Box Hill,5.647749999999999,2737.55029296875,64.2800979614258,Box Hill
2022-07-06,Box Hill,5.418375,2737.55029296875,64.2800979614258,Box Hill
2022-07-07,Box Hill,6.826333333333333,2737.55029296875,64.2800979614258,Box Hill
2022-07-08,Box Hill,3.5308333333333333,2737.55029296875,64.2800979614258,Box Hill
2022-07-09,Box Hill,5.872625,2737.55029296875,64.2800979614258,Box Hill
2022-07-10,Box Hill,9.74975,2737.55029296875,64.2800979614258,Box Hill
2022-07-11,Box Hill,3.3682916666666665,2737.55029296875,64.2800979614258,Box Hill
2022-07-12,Box Hill,5.693874999999999,2737.55029296875,64.2800979614258,Box Hill
2022-07-13,Box Hill,5.416583333333333,2737.55029296875,64.2800979614258,Box Hill
2022-07-14,Box Hill,4.976791666666666,2737.55029296875,64.2800979614258,Box Hill
2022-07-15,Box Hill,4.121833333333333,2737.55029296875,64.2800979614258,Box Hill
2022-07-16,Box Hill,1.3261666666666667,2737.55029296875,64.2800979614258,Box Hill
2022-07-17,Box Hill,0.7329166666666667,2737.55029296875,64.2800979614258,Box Hill
2022-07-18,Box Hill,3.350458333333333,2737.55029296875,64.2800979614258,Box Hill
2022-07-19,Box Hill,6.159458333333333,2737.55029296875,64.2800979614258,Box Hill
2022-07-20,Box Hill,10.698166666666664,2737.55029296875,64.2800979614258,Box Hill
2022-07-21,Box Hill,10.057416666666668,2737.55029296875,64.2800979614258,Box Hill
2022-07-22,Box Hill,6.487125,2737.55029296875,64.2800979614258,Box Hill
2022-07-23,Box Hill,7.152208333333333,2737.55029296875,64.2800979614258,Box Hill
2022-07-24,Box Hill,4.6314166666666665,2737.55029296875,64.2800979614258,Box Hill
2022-07-25,Box Hill,2.829375,2737.55029296875,64.2800979614258,Box Hill
2022-07-26,Box Hill,3.1379583333333336,2737.55029296875,64.2800979614258,Box Hill
2022-07-27,Box Hill,3.237041666666667,2737.55029296875,64.2800979614258,Box Hill
2022-07-28,Box Hill,3.5955,2737.55029296875,64.2800979614258,Box Hill
2022-07-29,Box Hill,6.002958333333333,2737.55029296875,64.2800979614258,Box Hill
2022-07-30,Box Hill,4.118166666666666,2737.55029296875,64.2800979614258,Box Hill
2022-07-31,Box Hill,1.707625,2737.55029296875,64.2800979614258,Box Hill
2022-08-01,Box Hill,1.5330416666666666,2737.55029296875,64.2800979614258,Box Hill
2022-08-02,Box Hill,1.9965,2737.55029296875,64.2800979614258,Box Hill
2022-08-03,Box Hill,1.6697916666666666,2737.55029296875,64.2800979614258,Box Hill
2022-08-04,Box Hill,1.5957083333333335,2737.55029296875,64.2800979614258,Box Hill
2022-08-05,Box Hill,2.791541666666667,2737.55029296875,64.2800979614258,Box Hill
2022-08-06,Box Hill,4.402583333333333,2737.55029296875,64.2800979614258,Box Hill
2022-08-07,Box Hill,9.126333333333331,2737.55029296875,64.2800979614258,Box Hill
2022-08-08,Box Hill,9.707083333333332,2737.55029296875,64.2800979614258,Box Hill
2022-08-09,Box Hill,9.476083333333332,2737.55029296875,64.2800979614258,Box Hill
2022-08-10,Box Hill,4.910333333333333,2737.55029296875,64.2800979614258,Box Hill
2022-08-11,Box Hill,1.4106666666666667,2737.55029296875,64.2800979614258,Box Hill
2022-08-12,Box Hill,2.745083333333333,2737.55029296875,64.2800979614258,Box Hill
2022-08-13,Box Hill,4.337458333333333,2737.55029296875,64.2800979614258,Box Hill
2022-08-14,Box Hill,4.255166666666667,2737.55029296875,64.2800979614258,Box Hill
2022-08-15,Box Hill,0.891,2737.55029296875,64.2800979614258,Box Hill
2022-08-16,Box Hill,2.1290416666666667,2737.55029296875,64.2800979614258,Box Hill
2022-08-17,Box Hill,2.866,2737.55029296875,64.2800979614258,Box Hill
2022-08-18,Box Hill,2.161473684210526,2737.55029296875,64.2800979614258,Box Hill
2022-08-19,Box Hill,4.471875,2737.55029296875,64.2800979614258,Box Hill
2022-08-20,Box Hill,3.6197083333333335,2737.55029296875,64.2800979614258,Box Hill
2022-08-21,Box Hill,6.383166666666667,2737.55029296875,64.2800979614258,Box Hill
2022-08-22,Box Hill,1.9885,2737.55029296875,64.2800979614258,Box Hill
2022-08-23,Box Hill,2.571,2737.55029296875,64.2800979614258,Box Hill
2022-08-24,Box Hill,3.838333333333333,2737.55029296875,64.2800979614258,Box Hill
2022-08-25,Box Hill,1.7547499999999998,2737.55029296875,64.2800979614258,Box Hill
2022-08-26,Box Hill,3.282166666666667,2737.55029296875,64.2800979614258,Box Hill
2022-08-27,Box Hill,7.783791666666667,2737.55029296875,64.2800979614258,Box Hill
2022-08-28,Box Hill,5.270875,2737.55029296875,64.2800979614258,Box Hill
2022-08-29,Box Hill,5.226083333333333,2737.55029296875,64.2800979614258,Box Hill
2022-08-30,Box Hill,1.9195,2737.55029296875,64.2800979614258,Box Hill
2022-08-31,Box Hill,2.1710000000000003,2737.55029296875,64.2800979614258,Box Hill
2022-09-01,Box Hill,1.538,2737.55029296875,64.2800979614258,Box Hill
2022-09-03,Box Hill,4.306,2737.55029296875,64.2800979614258,Box Hill
2022-09-05,Box Hill,7.746,2737.55029296875,64.2800979614258,Box Hill
2022-09-08,Box Hill,4.365,2737.55029296875,64.2800979614258,Box Hill
2022-09-13,Box Hill,0.923,2737.55029296875,64.2800979614258,Box Hill
2022-09-19,Box Hill,1.471,2737.55029296875,64.2800979614258,Box Hill
2022-09-28,Box Hill,1.818,2737.55029296875,64.2800979614258,Box Hill
2022-10-02,Box Hill,4.793,2737.55029296875,64.2800979614258,Box Hill
2022-10-16,Box Hill,1.5885,2737.55029296875,64.2800979614258,Box Hill
2022-10-22,Box Hill,0.782,2737.55029296875,64.2800979614258,Box Hill
2022-10-28,Box Hill,2.01,2737.55029296875,64.2800979614258,Box Hill
2022-10-29,Box Hill,2.748217391304348,2737.55029296875,64.2800979614258,Box Hill
2022-10-30,Box Hill,1.5872916666666663,2737.55029296875,64.2800979614258,Box Hill
2022-10-31,Box Hill,1.53325,2737.55029296875,64.2800979614258,Box Hill
2022-11-01,Box Hill,1.6125833333333333,2737.55029296875,64.2800979614258,Box Hill
2022-11-02,Box Hill,1.5384166666666668,2737.55029296875,64.2800979614258,Box Hill
2022-11-03,Box Hill,2.7762083333333334,2737.55029296875,64.2800979614258,Box Hill
2022-11-04,Box Hill,2.0796666666666668,2737.55029296875,64.2800979614258,Box Hill
2022-11-05,Box Hill,2.8164583333333333,2737.55029296875,64.2800979614258,Box Hill
2022-11-06,Box Hill,4.717833333333333,2737.55029296875,64.2800979614258,Box Hill
2022-11-07,Box Hill,3.970041666666667,2737.55029296875,64.2800979614258,Box Hill
2022-11-08,Box Hill,3.7215416666666665,2737.55029296875,64.2800979614258,Box Hill
2022-11-09,Box Hill,3.3862916666666667,2737.55029296875,64.2800979614258,Box Hill
2022-11-10,Box Hill,4.142416666666667,2737.55029296875,64.2800979614258,Box Hill
2022-11-11,Box Hill,3.2295416666666665,2737.55029296875,64.2800979614258,Box Hill
2022-11-12,Box Hill,4.682916666666666,2737.55029296875,64.2800979614258,Box Hill
2022-11-13,Box Hill,1.3179999999999998,2737.55029296875,64.2800979614258,Box Hill
2022-11-14,Box Hill,2.0737083333333333,2737.55029296875,64.2800979614258,Box Hill
2022-11-15,Box Hill,2.2116666666666664,2737.55029296875,64.2800979614258,Box Hill
2022-11-16,Box Hill,2.3235,2737.55029296875,64.2800979614258,Box Hill
2022-11-17,Box Hill,0.7030416666666667,2737.55029296875,64.2800979614258,Box Hill
2022-11-18,Box Hill,2.677958333333333,2737.55029296875,64.2800979614258,Box Hill
2022-11-19,Box Hill,2.735583333333333,2737.55029296875,64.2800979614258,Box Hill
2022-11-20,Box Hill,1.4760833333333334,2737.55029296875,64.2800979614258,Box Hill
2022-11-21,Box Hill,1.5443749999999998,2737.55029296875,64.2800979614258,Box Hill
2022-11-22,Box Hill,2.261,2737.55029296875,64.2800979614258,Box Hill
2022-11-23,Box Hill,1.8798333333333328,2737.55029296875,64.2800979614258,Box Hill
2022-11-24,Box Hill,1.756625,2737.55029296875,64.2800979614258,Box Hill
2022-11-25,Box Hill,0.9570833333333332,2737.55029296875,64.2800979614258,Box Hill
2022-11-26,Box Hill,1.8382916666666669,2737.55029296875,64.2800979614258,Box Hill
2022-11-27,Box Hill,3.3389166666666665,2737.55029296875,64.2800979614258,Box Hill
2022-11-28,Box Hill,2.5464166666666666,2737.55029296875,64.2800979614258,Box Hill
2022-11-29,Box Hill,3.603916666666666,2737.55029296875,64.2800979614258,Box Hill
2022-11-30,Box Hill,3.6255,2737.55029296875,64.2800979614258,Box Hill
2022-12-01,Box Hill,1.5816666666666668,2737.55029296875,64.2800979614258,Box Hill
2022-12-02,Box Hill,7.526083333333333,2737.55029296875,64.2800979614258,Box Hill
2022-12-03,Box Hill,7.29,2737.55029296875,64.2800979614258,Box Hill
2022-12-04,Box Hill,6.191791666666667,2737.55029296875,64.2800979614258,Box Hill
2022-12-05,Box Hill,7.128583333333334,2737.55029296875,64.2800979614258,Box Hill
2022-12-06,Box Hill,2.8676666666666666,2737.55029296875,64.2800979614258,Box Hill
2022-12-07,Box Hill,4.594541666666667,2737.55029296875,64.2800979614258,Box Hill
2022-12-08,Box Hill,2.2501666666666664,2737.55029296875,64.2800979614258,Box Hill
2022-12-09,Box Hill,2.66775,2737.55029296875,64.2800979614258,Box Hill
2022-12-10,Box Hill,2.4655,2737.55029296875,64.2800979614258,Box Hill
2022-12-11,Box Hill,4.315708333333333,2737.55029296875,64.2800979614258,Box Hill
2022-12-12,Box Hill,2.67625,2737.55029296875,64.2800979614258,Box Hill
2022-12-13,Box Hill,2.352333333333333,2737.55029296875,64.2800979614258,Box Hill
2022-12-14,Box Hill,2.709583333333333,2737.55029296875,64.2800979614258,Box Hill
2022-12-15,Box Hill,3.2559166666666663,2737.55029296875,64.2800979614258,Box Hill
2022-12-16,Box Hill,2.900208333333333,2737.55029296875,64.2800979614258,Box Hill
2022-12-17,Box Hill,2.88425,2737.55029296875,64.2800979614258,Box Hill
2022-12-18,Box Hill,1.0470833333333334,2737.55029296875,64.2800979614258,Box Hill
2022-12-19,Box Hill,3.477583333333333,2737.55029296875,64.2800979614258,Box Hill
2022-12-20,Box Hill,4.719916666666667,2737.55029296875,64.2800979614258,Box Hill
2022-12-21,Box Hill,4.440388888888889,2737.55029296875,64.2800979614258,Box Hill
2022-12-22,Box Hill,3.952958333333333,2737.55029296875,64.2800979614258,Box Hill
2022-12-23,Box Hill,8.508125,2737.55029296875,64.2800979614258,Box Hill
2022-12-24,Box Hill,4.860791666666667,2737.55029296875,64.2800979614258,Box Hill
2022-12-25,Box Hill,3.8025416666666665,2737.55029296875,64.2800979614258,Box Hill
2022-12-26,Box Hill,8.169875,2737.55029296875,64.2800979614258,Box Hill
2022-12-27,Box Hill,7.160958333333333,2737.55029296875,64.2800979614258,Box Hill
2022-12-28,Box Hill,5.118541666666666,2737.55029296875,64.2800979614258,Box Hill
2022-12-29,Box Hill,4.869083333333333,2737.55029296875,64.2800979614258,Box Hill
2022-12-30,Box Hill,5.888958333333334,2737.55029296875,64.2800979614258,Box Hill
2022-12-31,Box Hill,6.735708333333334,2737.55029296875,64.2800979614258,Box Hill
2024-05-09,Box Hill,21.83,2737.55029296875,64.2800979614258,Box Hill
2024-05-09,Box Hill,21.83,2737.55029296875,64.2800979614258,Box Hill
2022-01-01,Melton,7.043545454545455,339.515289306641,527.537414550781,Melton
2022-01-02,Melton,4.550913043478261,339.515289306641,527.537414550781,Melton
2022-01-03,Melton,4.65395652173913,339.515289306641,527.537414550781,Melton
2022-01-04,Melton,7.205130434782609,339.515289306641,527.537414550781,Melton
2022-01-05,Melton,6.043608695652173,339.515289306641,527.537414550781,Melton
2022-01-06,Melton,5.512,339.515289306641,527.537414550781,Melton
2022-01-18,Melton,3.001888888888889,339.515289306641,527.537414550781,Melton
2022-01-19,Melton,4.915111111111111,339.515289306641,527.537414550781,Melton
2022-01-20,Melton,5.052347826086957,339.515289306641,527.537414550781,Melton
2022-01-21,Melton,7.493434782608695,339.515289306641,527.537414550781,Melton
2022-01-22,Melton,6.261739130434783,339.515289306641,527.537414550781,Melton
2022-01-23,Melton,6.562217391304347,339.515289306641,527.537414550781,Melton
2022-01-24,Melton,7.655565217391304,339.515289306641,527.537414550781,Melton
2022-01-25,Melton,11.550260869565218,339.515289306641,527.537414550781,Melton
2022-01-26,Melton,8.986913043478262,339.515289306641,527.537414550781,Melton
2022-01-27,Melton,7.959545454545455,339.515289306641,527.537414550781,Melton
2022-01-28,Melton,5.660739130434783,339.515289306641,527.537414550781,Melton
2022-01-29,Melton,3.7122608695652177,339.515289306641,527.537414550781,Melton
2022-01-30,Melton,5.997043478260869,339.515289306641,527.537414550781,Melton
2022-01-31,Melton,9.904173913043476,339.515289306641,527.537414550781,Melton
2022-02-01,Melton,5.171173913043478,339.515289306641,527.537414550781,Melton
2022-02-02,Melton,4.176681818181819,339.515289306641,527.537414550781,Melton
2022-02-03,Melton,4.390909090909091,339.515289306641,527.537414550781,Melton
2022-02-04,Melton,3.920142857142857,339.515289306641,527.537414550781,Melton
2022-02-05,Melton,3.611181818181818,339.515289306641,527.537414550781,Melton
2022-02-06,Melton,4.010954545454545,339.515289306641,527.537414550781,Melton
2022-02-07,Melton,5.39,339.515289306641,527.537414550781,Melton
2022-02-08,Melton,4.077076923076923,339.515289306641,527.537414550781,Melton
2022-02-09,Melton,5.998260869565217,339.515289306641,527.537414550781,Melton
2022-02-10,Melton,4.352739130434783,339.515289306641,527.537414550781,Melton
2022-02-11,Melton,5.670869565217392,339.515289306641,527.537414550781,Melton
2022-02-12,Melton,7.4838695652173906,339.515289306641,527.537414550781,Melton
2022-02-13,Melton,4.481782608695652,339.515289306641,527.537414550781,Melton
2022-02-14,Melton,6.545999999999999,339.515289306641,527.537414550781,Melton
2022-02-15,Melton,7.926727272727273,339.515289306641,527.537414550781,Melton
2022-02-16,Melton,9.010217391304348,339.515289306641,527.537414550781,Melton
2022-02-17,Melton,5.064782608695652,339.515289306641,527.537414550781,Melton
2022-02-18,Melton,5.127000000000001,339.515289306641,527.537414550781,Melton
2022-02-19,Melton,5.466913043478261,339.515289306641,527.537414550781,Melton
2022-02-20,Melton,5.476217391304348,339.515289306641,527.537414550781,Melton
2022-02-21,Melton,3.29095652173913,339.515289306641,527.537414550781,Melton
2022-02-22,Melton,6.371130434782609,339.515289306641,527.537414550781,Melton
2022-02-23,Melton,7.789304347826087,339.515289306641,527.537414550781,Melton
2022-02-24,Melton,10.22382608695652,339.515289306641,527.537414550781,Melton
2022-02-25,Melton,5.929909090909091,339.515289306641,527.537414550781,Melton
2022-02-26,Melton,4.906681818181818,339.515289306641,527.537414550781,Melton
2022-02-27,Melton,5.6016818181818175,339.515289306641,527.537414550781,Melton
2022-02-28,Melton,7.6,339.515289306641,527.537414550781,Melton
2022-03-01,Melton,7.172173913043479,339.515289306641,527.537414550781,Melton
2022-03-02,Melton,4.94091304347826,339.515289306641,527.537414550781,Melton
2022-03-03,Melton,7.615391304347826,339.515289306641,527.537414550781,Melton
2022-03-04,Melton,7.618130434782609,339.515289306641,527.537414550781,Melton
2022-03-05,Melton,3.429086956521739,339.515289306641,527.537414550781,Melton
2022-03-06,Melton,4.590391304347826,339.515289306641,527.537414550781,Melton
2022-03-07,Melton,6.779217391304348,339.515289306641,527.537414550781,Melton
2022-03-08,Melton,4.547391304347826,339.515289306641,527.537414550781,Melton
2022-03-09,Melton,4.878086956521739,339.515289306641,527.537414550781,Melton
2022-03-10,Melton,4.476869565217392,339.515289306641,527.537414550781,Melton
2022-03-11,Melton,2.76595652173913,339.515289306641,527.537414550781,Melton
2022-03-12,Melton,5.107608695652174,339.515289306641,527.537414550781,Melton
2022-03-13,Melton,4.768913043478261,339.515289306641,527.537414550781,Melton
2022-03-14,Melton,12.808043478260869,339.515289306641,527.537414550781,Melton
2022-03-15,Melton,8.584619047619046,339.515289306641,527.537414550781,Melton
2022-03-16,Melton,4.704652173913043,339.515289306641,527.537414550781,Melton
2022-03-17,Melton,4.670304347826087,339.515289306641,527.537414550781,Melton
2022-03-18,Melton,5.952347826086957,339.515289306641,527.537414550781,Melton
2022-03-19,Melton,6.105913043478261,339.515289306641,527.537414550781,Melton
2022-03-20,Melton,8.341000000000001,339.515289306641,527.537414550781,Melton
2022-03-21,Melton,13.740782608695651,339.515289306641,527.537414550781,Melton
2022-03-22,Melton,11.240869565217391,339.515289306641,527.537414550781,Melton
2022-03-23,Melton,3.268952380952381,339.515289306641,527.537414550781,Melton
2022-03-24,Melton,6.079652173913043,339.515289306641,527.537414550781,Melton
2022-03-25,Melton,3.1276818181818182,339.515289306641,527.537414550781,Melton
2022-03-26,Melton,5.483086956521739,339.515289306641,527.537414550781,Melton
2022-03-27,Melton,14.272347826086955,339.515289306641,527.537414550781,Melton
2022-03-28,Melton,10.067913043478262,339.515289306641,527.537414550781,Melton
2022-03-29,Melton,4.430652173913043,339.515289306641,527.537414550781,Melton
2022-03-30,Melton,2.362739130434783,339.515289306641,527.537414550781,Melton
2022-03-31,Melton,4.620521739130435,339.515289306641,527.537414550781,Melton
2022-04-01,Melton,4.277869565217392,339.515289306641,527.537414550781,Melton
2022-04-02,Melton,3.6423913043478255,339.515289306641,527.537414550781,Melton
2022-04-03,Melton,3.3283636363636364,339.515289306641,527.537414550781,Melton
2022-04-04,Melton,2.906739130434783,339.515289306641,527.537414550781,Melton
2022-04-05,Melton,3.2202272727272727,339.515289306641,527.537414550781,Melton
2022-04-06,Melton,4.514086956521739,339.515289306641,527.537414550781,Melton
2022-04-07,Melton,4.657304347826087,339.515289306641,527.537414550781,Melton
2022-04-08,Melton,5.0230434782608695,339.515289306641,527.537414550781,Melton
2022-04-09,Melton,3.3874782608695653,339.515289306641,527.537414550781,Melton
2022-04-10,Melton,4.012217391304348,339.515289306641,527.537414550781,Melton
2022-04-11,Melton,3.574521739130435,339.515289306641,527.537414550781,Melton
2022-04-12,Melton,3.4362857142857144,339.515289306641,527.537414550781,Melton
2022-04-13,Melton,4.155391304347826,339.515289306641,527.537414550781,Melton
2022-04-14,Melton,6.833652173913044,339.515289306641,527.537414550781,Melton
2022-04-15,Melton,9.169739130434785,339.515289306641,527.537414550781,Melton
2022-04-16,Melton,9.64495652173913,339.515289306641,527.537414550781,Melton
2022-04-17,Melton,10.104347826086956,339.515289306641,527.537414550781,Melton
2022-04-18,Melton,4.615608695652174,339.515289306641,527.537414550781,Melton
2022-04-19,Melton,3.74,339.515289306641,527.537414550781,Melton
2022-04-20,Melton,3.044391304347826,339.515289306641,527.537414550781,Melton
2022-04-21,Melton,3.2505652173913044,339.515289306641,527.537414550781,Melton
2022-04-22,Melton,4.5541,339.515289306641,527.537414550781,Melton
2022-04-23,Melton,7.399739130434782,339.515289306641,527.537414550781,Melton
2022-04-24,Melton,9.970608695652174,339.515289306641,527.537414550781,Melton
2022-04-25,Melton,11.099434782608697,339.515289306641,527.537414550781,Melton
2022-04-26,Melton,9.67008695652174,339.515289306641,527.537414550781,Melton
2022-04-27,Melton,5.490294117647059,339.515289306641,527.537414550781,Melton
2022-04-28,Melton,2.0665652173913043,339.515289306641,527.537414550781,Melton
2022-04-29,Melton,1.837434782608696,339.515289306641,527.537414550781,Melton
2022-04-30,Melton,3.147521739130435,339.515289306641,527.537414550781,Melton
2022-05-01,Melton,3.812782608695653,339.515289306641,527.537414550781,Melton
2022-05-02,Melton,4.179217391304348,339.515289306641,527.537414550781,Melton
2022-05-03,Melton,4.487304347826087,339.515289306641,527.537414550781,Melton
2022-05-04,Melton,3.021217391304348,339.515289306641,527.537414550781,Melton
2022-05-05,Melton,3.603695652173913,339.515289306641,527.537414550781,Melton
2022-05-06,Melton,3.5645652173913045,339.515289306641,527.537414550781,Melton
2022-05-07,Melton,2.8381304347826086,339.515289306641,527.537414550781,Melton
2022-05-08,Melton,2.7919130434782606,339.515289306641,527.537414550781,Melton
2022-05-09,Melton,4.063833333333334,339.515289306641,527.537414550781,Melton
2022-05-10,Melton,7.358,339.515289306641,527.537414550781,Melton
2022-05-14,Melton,1.727,339.515289306641,527.537414550781,Melton
2022-05-27,Melton,5.305,339.515289306641,527.537414550781,Melton
2022-05-28,Melton,0.566,339.515289306641,527.537414550781,Melton
2022-06-06,Melton,2.759,339.515289306641,527.537414550781,Melton
2022-09-06,Melton,3.119,339.515289306641,527.537414550781,Melton
2022-09-07,Melton,6.575666666666667,339.515289306641,527.537414550781,Melton
2022-09-08,Melton,2.355,339.515289306641,527.537414550781,Melton
2022-09-09,Melton,7.351,339.515289306641,527.537414550781,Melton
2022-09-10,Melton,4.794666666666667,339.515289306641,527.537414550781,Melton
2022-09-11,Melton,3.4333333333333336,339.515289306641,527.537414550781,Melton
2022-09-12,Melton,-0.721,339.515289306641,527.537414550781,Melton
2022-09-13,Melton,4.20925,339.515289306641,527.537414550781,Melton
2022-09-14,Melton,-0.26,339.515289306641,527.537414550781,Melton
2022-09-16,Melton,5.681,339.515289306641,527.537414550781,Melton
2022-09-17,Melton,2.614608695652174,339.515289306641,527.537414550781,Melton
2022-09-18,Melton,2.2930869565217398,339.515289306641,527.537414550781,Melton
2022-09-19,Melton,3.137304347826087,339.515289306641,527.537414550781,Melton
2022-09-20,Melton,5.431086956521739,339.515289306641,527.537414550781,Melton
2022-09-21,Melton,5.907434782608696,339.515289306641,527.537414550781,Melton
2022-09-22,Melton,8.31808695652174,339.515289306641,527.537414550781,Melton
2022-09-23,Melton,4.872652173913044,339.515289306641,527.537414550781,Melton
2022-09-24,Melton,5.478782608695652,339.515289306641,527.537414550781,Melton
2022-09-25,Melton,5.912826086956522,339.515289306641,527.537414550781,Melton
2022-09-26,Melton,3.459,339.515289306641,527.537414550781,Melton
2022-09-27,Melton,5.051260869565217,339.515289306641,527.537414550781,Melton
2022-09-28,Melton,3.1433478260869565,339.515289306641,527.537414550781,Melton
2022-09-29,Melton,3.634217391304348,339.515289306641,527.537414550781,Melton
2022-09-30,Melton,4.549478260869566,339.515289306641,527.537414550781,Melton
2022-10-01,Melton,4.837818181818182,339.515289306641,527.537414550781,Melton
2022-10-02,Melton,5.993388888888889,339.515289306641,527.537414550781,Melton
2022-10-03,Melton,6.991217391304348,339.515289306641,527.537414550781,Melton
2022-10-04,Melton,5.809565217391304,339.515289306641,527.537414550781,Melton
2022-10-05,Melton,5.68395652173913,339.515289306641,527.537414550781,Melton
2022-10-06,Melton,4.373043478260869,339.515289306641,527.537414550781,Melton
2022-10-07,Melton,4.200913043478261,339.515289306641,527.537414550781,Melton
2022-10-08,Melton,3.578772727272728,339.515289306641,527.537414550781,Melton
2022-10-09,Melton,2.6270869565217394,339.515289306641,527.537414550781,Melton
2022-10-10,Melton,4.505,339.515289306641,527.537414550781,Melton
2022-10-11,Melton,8.921521739130435,339.515289306641,527.537414550781,Melton
2022-10-12,Melton,3.678714285714286,339.515289306641,527.537414550781,Melton
2022-10-13,Melton,1.652521739130435,339.515289306641,527.537414550781,Melton
2022-10-14,Melton,3.628173913043478,339.515289306641,527.537414550781,Melton
2022-10-15,Melton,4.04808695652174,339.515289306641,527.537414550781,Melton
2022-10-16,Melton,2.753695652173913,339.515289306641,527.537414550781,Melton
2022-10-17,Melton,5.004043478260869,339.515289306641,527.537414550781,Melton
2022-10-18,Melton,4.704478260869565,339.515289306641,527.537414550781,Melton
2022-10-19,Melton,7.161272727272728,339.515289306641,527.537414550781,Melton
2022-10-20,Melton,10.633666666666668,339.515289306641,527.537414550781,Melton
2022-10-21,Melton,11.588285714285714,339.515289306641,527.537414550781,Melton
2022-10-22,Melton,3.765826086956522,339.515289306641,527.537414550781,Melton
2022-10-23,Melton,5.739055555555556,339.515289306641,527.537414550781,Melton
2024-05-09,Melton,18.46,339.515289306641,527.537414550781,Melton
2024-05-09,Melton,18.46,339.515289306641,527.537414550781,Melton
2022-01-01,Bendigo,-0.443,40.4609985351562,2999.9716796875,Bendigo
2022-01-02,Bendigo,-1.6155,40.4609985351562,2999.9716796875,Bendigo
2022-01-03,Bendigo,12.558,40.4609985351562,2999.9716796875,Bendigo
2022-01-04,Bendigo,10.42525,40.4609985351562,2999.9716796875,Bendigo
2022-01-05,Bendigo,6.601,40.4609985351562,2999.9716796875,Bendigo
2022-01-06,Bendigo,-0.094,40.4609985351562,2999.9716796875,Bendigo
2022-01-07,Bendigo,4.578666666666667,40.4609985351562,2999.9716796875,Bendigo
2022-01-08,Bendigo,-0.298,40.4609985351562,2999.9716796875,Bendigo
2022-01-09,Bendigo,4.4717142857142855,40.4609985351562,2999.9716796875,Bendigo
2022-01-10,Bendigo,5.640916666666667,40.4609985351562,2999.9716796875,Bendigo
2022-01-11,Bendigo,7.022749999999999,40.4609985351562,2999.9716796875,Bendigo
2022-01-12,Bendigo,5.078875,40.4609985351562,2999.9716796875,Bendigo
2022-01-13,Bendigo,2.1359166666666667,40.4609985351562,2999.9716796875,Bendigo
2022-01-14,Bendigo,3.171666666666667,40.4609985351562,2999.9716796875,Bendigo
2022-01-15,Bendigo,3.044916666666667,40.4609985351562,2999.9716796875,Bendigo
2022-01-16,Bendigo,3.400458333333333,40.4609985351562,2999.9716796875,Bendigo
2022-01-17,Bendigo,2.1515,40.4609985351562,2999.9716796875,Bendigo
2022-01-18,Bendigo,3.6335,40.4609985351562,2999.9716796875,Bendigo
2022-01-19,Bendigo,4.225833333333333,40.4609985351562,2999.9716796875,Bendigo
2022-01-20,Bendigo,3.3315416666666664,40.4609985351562,2999.9716796875,Bendigo
2022-01-21,Bendigo,4.107083333333334,40.4609985351562,2999.9716796875,Bendigo
2022-01-22,Bendigo,2.0854583333333334,40.4609985351562,2999.9716796875,Bendigo
2022-01-23,Bendigo,3.15175,40.4609985351562,2999.9716796875,Bendigo
2022-01-24,Bendigo,4.033666666666667,40.4609985351562,2999.9716796875,Bendigo
2022-01-25,Bendigo,4.727041666666667,40.4609985351562,2999.9716796875,Bendigo
2022-01-26,Bendigo,6.588625,40.4609985351562,2999.9716796875,Bendigo
2022-01-27,Bendigo,6.33025,40.4609985351562,2999.9716796875,Bendigo
2022-01-28,Bendigo,5.833391304347827,40.4609985351562,2999.9716796875,Bendigo
2022-01-29,Bendigo,1.709095238095238,40.4609985351562,2999.9716796875,Bendigo
2022-01-30,Bendigo,3.1420833333333333,40.4609985351562,2999.9716796875,Bendigo
2022-01-31,Bendigo,4.927208333333334,40.4609985351562,2999.9716796875,Bendigo
2022-02-01,Bendigo,2.357375,40.4609985351562,2999.9716796875,Bendigo
2022-02-02,Bendigo,2.8393333333333337,40.4609985351562,2999.9716796875,Bendigo
2022-02-03,Bendigo,2.431083333333333,40.4609985351562,2999.9716796875,Bendigo
2022-02-04,Bendigo,3.3475217391304346,40.4609985351562,2999.9716796875,Bendigo
2022-02-05,Bendigo,1.2651363636363635,40.4609985351562,2999.9716796875,Bendigo
2022-02-06,Bendigo,2.172,40.4609985351562,2999.9716796875,Bendigo
2022-02-07,Bendigo,2.5185416666666667,40.4609985351562,2999.9716796875,Bendigo
2022-02-08,Bendigo,2.216458333333333,40.4609985351562,2999.9716796875,Bendigo
2022-02-09,Bendigo,2.592833333333333,40.4609985351562,2999.9716796875,Bendigo
2022-02-10,Bendigo,3.552875,40.4609985351562,2999.9716796875,Bendigo
2022-02-11,Bendigo,3.48221052631579,40.4609985351562,2999.9716796875,Bendigo
2022-02-12,Bendigo,5.086125,40.4609985351562,2999.9716796875,Bendigo
2022-02-13,Bendigo,4.147749999999999,40.4609985351562,2999.9716796875,Bendigo
2022-02-14,Bendigo,5.283666666666666,40.4609985351562,2999.9716796875,Bendigo
2022-02-15,Bendigo,6.592791666666667,40.4609985351562,2999.9716796875,Bendigo
2022-02-16,Bendigo,6.246166666666667,40.4609985351562,2999.9716796875,Bendigo
2022-02-17,Bendigo,2.484208333333333,40.4609985351562,2999.9716796875,Bendigo
2022-02-18,Bendigo,3.6337916666666663,40.4609985351562,2999.9716796875,Bendigo
2022-02-19,Bendigo,4.856208333333334,40.4609985351562,2999.9716796875,Bendigo
2022-02-20,Bendigo,4.09725,40.4609985351562,2999.9716796875,Bendigo
2022-02-21,Bendigo,2.463083333333333,40.4609985351562,2999.9716796875,Bendigo
2022-02-22,Bendigo,3.5991249999999995,40.4609985351562,2999.9716796875,Bendigo
2022-02-23,Bendigo,4.695875,40.4609985351562,2999.9716796875,Bendigo
2022-02-24,Bendigo,6.295958333333334,40.4609985351562,2999.9716796875,Bendigo
2022-02-25,Bendigo,6.138782608695652,40.4609985351562,2999.9716796875,Bendigo
2022-02-26,Bendigo,2.88447619047619,40.4609985351562,2999.9716796875,Bendigo
2022-02-27,Bendigo,3.443318181818182,40.4609985351562,2999.9716796875,Bendigo
2022-02-28,Bendigo,7.662238095238096,40.4609985351562,2999.9716796875,Bendigo
2022-03-01,Bendigo,4.32825,40.4609985351562,2999.9716796875,Bendigo
2022-03-02,Bendigo,2.3927916666666667,40.4609985351562,2999.9716796875,Bendigo
2022-03-03,Bendigo,3.2245000000000004,40.4609985351562,2999.9716796875,Bendigo
2022-03-04,Bendigo,3.395,40.4609985351562,2999.9716796875,Bendigo
2022-03-05,Bendigo,0.6844166666666666,40.4609985351562,2999.9716796875,Bendigo
2022-03-06,Bendigo,1.0824166666666668,40.4609985351562,2999.9716796875,Bendigo
2022-03-07,Bendigo,4.297791666666667,40.4609985351562,2999.9716796875,Bendigo
2022-03-08,Bendigo,2.607833333333333,40.4609985351562,2999.9716796875,Bendigo
2022-03-09,Bendigo,3.5376666666666665,40.4609985351562,2999.9716796875,Bendigo
2022-03-10,Bendigo,3.565695652173913,40.4609985351562,2999.9716796875,Bendigo
2022-03-11,Bendigo,2.3316250000000003,40.4609985351562,2999.9716796875,Bendigo
2022-03-12,Bendigo,5.068291666666666,40.4609985351562,2999.9716796875,Bendigo
2022-03-13,Bendigo,5.627583333333334,40.4609985351562,2999.9716796875,Bendigo
2022-03-14,Bendigo,3.6741666666666655,40.4609985351562,2999.9716796875,Bendigo
2022-03-15,Bendigo,5.049333333333333,40.4609985351562,2999.9716796875,Bendigo
2022-03-16,Bendigo,3.4937083333333336,40.4609985351562,2999.9716796875,Bendigo
2022-03-17,Bendigo,4.023000000000001,40.4609985351562,2999.9716796875,Bendigo
2022-03-18,Bendigo,3.88575,40.4609985351562,2999.9716796875,Bendigo
2022-03-19,Bendigo,5.484541666666666,40.4609985351562,2999.9716796875,Bendigo
2022-03-20,Bendigo,5.740217391304348,40.4609985351562,2999.9716796875,Bendigo
2022-03-21,Bendigo,10.011958333333334,40.4609985351562,2999.9716796875,Bendigo
2022-03-22,Bendigo,13.353875,40.4609985351562,2999.9716796875,Bendigo
2022-03-23,Bendigo,1.9908260869565213,40.4609985351562,2999.9716796875,Bendigo
2022-03-24,Bendigo,4.204875,40.4609985351562,2999.9716796875,Bendigo
2022-03-25,Bendigo,2.4640416666666667,40.4609985351562,2999.9716796875,Bendigo
2022-03-26,Bendigo,4.9025,40.4609985351562,2999.9716796875,Bendigo
2022-03-27,Bendigo,7.893565217391304,40.4609985351562,2999.9716796875,Bendigo
2022-03-28,Bendigo,4.204434782608695,40.4609985351562,2999.9716796875,Bendigo
2022-03-29,Bendigo,7.107652173913044,40.4609985351562,2999.9716796875,Bendigo
2022-03-30,Bendigo,1.581,40.4609985351562,2999.9716796875,Bendigo
2022-03-31,Bendigo,3.1936666666666667,40.4609985351562,2999.9716796875,Bendigo
2022-04-01,Bendigo,2.6794583333333333,40.4609985351562,2999.9716796875,Bendigo
2022-04-02,Bendigo,1.3831666666666669,40.4609985351562,2999.9716796875,Bendigo
2022-04-03,Bendigo,-0.2059565217391304,40.4609985351562,2999.9716796875,Bendigo
2022-04-04,Bendigo,1.665695652173913,40.4609985351562,2999.9716796875,Bendigo
2022-04-05,Bendigo,5.816,40.4609985351562,2999.9716796875,Bendigo
2022-04-06,Bendigo,4.385458333333333,40.4609985351562,2999.9716796875,Bendigo
2022-04-07,Bendigo,4.533347826086956,40.4609985351562,2999.9716796875,Bendigo
2022-04-08,Bendigo,1.0642916666666666,40.4609985351562,2999.9716796875,Bendigo
2022-04-09,Bendigo,2.6712608695652174,40.4609985351562,2999.9716796875,Bendigo
2022-04-10,Bendigo,2.4000833333333333,40.4609985351562,2999.9716796875,Bendigo
2022-04-11,Bendigo,2.9531666666666667,40.4609985351562,2999.9716796875,Bendigo
2022-04-12,Bendigo,1.3057083333333332,40.4609985351562,2999.9716796875,Bendigo
2022-04-13,Bendigo,2.2236956521739133,40.4609985351562,2999.9716796875,Bendigo
2022-04-14,Bendigo,6.983458333333334,40.4609985351562,2999.9716796875,Bendigo
2022-04-15,Bendigo,10.742375,40.4609985351562,2999.9716796875,Bendigo
2022-04-16,Bendigo,9.227041666666668,40.4609985351562,2999.9716796875,Bendigo
2022-04-17,Bendigo,9.87391304347826,40.4609985351562,2999.9716796875,Bendigo
2022-04-18,Bendigo,2.4004583333333334,40.4609985351562,2999.9716796875,Bendigo
2022-04-19,Bendigo,0.3594583333333334,40.4609985351562,2999.9716796875,Bendigo
2022-04-20,Bendigo,1.8754285714285717,40.4609985351562,2999.9716796875,Bendigo
2022-04-21,Bendigo,1.7284210526315789,40.4609985351562,2999.9716796875,Bendigo
2022-04-22,Bendigo,3.235708333333333,40.4609985351562,2999.9716796875,Bendigo
2022-04-23,Bendigo,4.888708333333333,40.4609985351562,2999.9716796875,Bendigo
2022-04-24,Bendigo,8.960583333333334,40.4609985351562,2999.9716796875,Bendigo
2022-04-25,Bendigo,6.425565217391305,40.4609985351562,2999.9716796875,Bendigo
2022-04-26,Bendigo,4.020086956521739,40.4609985351562,2999.9716796875,Bendigo
2022-04-27,Bendigo,2.7230000000000003,40.4609985351562,2999.9716796875,Bendigo
2022-04-28,Bendigo,1.4662083333333331,40.4609985351562,2999.9716796875,Bendigo
2022-04-29,Bendigo,1.9115217391304349,40.4609985351562,2999.9716796875,Bendigo
2022-04-30,Bendigo,4.478,40.4609985351562,2999.9716796875,Bendigo
2022-05-01,Bendigo,2.762217391304348,40.4609985351562,2999.9716796875,Bendigo
2022-05-02,Bendigo,4.005875,40.4609985351562,2999.9716796875,Bendigo
2022-05-03,Bendigo,3.6422916666666665,40.4609985351562,2999.9716796875,Bendigo
2022-05-04,Bendigo,2.259583333333333,40.4609985351562,2999.9716796875,Bendigo
2022-05-05,Bendigo,0.7799999999999999,40.4609985351562,2999.9716796875,Bendigo
2022-05-06,Bendigo,1.8569565217391304,40.4609985351562,2999.9716796875,Bendigo
2022-05-07,Bendigo,1.9409166666666664,40.4609985351562,2999.9716796875,Bendigo
2022-05-08,Bendigo,1.5852916666666663,40.4609985351562,2999.9716796875,Bendigo
2022-05-09,Bendigo,1.262304347826087,40.4609985351562,2999.9716796875,Bendigo
2022-05-10,Bendigo,3.780916666666666,40.4609985351562,2999.9716796875,Bendigo
2022-05-11,Bendigo,2.174708333333333,40.4609985351562,2999.9716796875,Bendigo
2022-05-12,Bendigo,2.206375,40.4609985351562,2999.9716796875,Bendigo
2022-05-13,Bendigo,3.2745416666666665,40.4609985351562,2999.9716796875,Bendigo
2022-05-14,Bendigo,1.153875,40.4609985351562,2999.9716796875,Bendigo
2022-05-15,Bendigo,2.256416666666667,40.4609985351562,2999.9716796875,Bendigo
2022-05-16,Bendigo,1.3607083333333334,40.4609985351562,2999.9716796875,Bendigo
2022-05-17,Bendigo,1.5145833333333334,40.4609985351562,2999.9716796875,Bendigo
2022-05-18,Bendigo,1.843304347826087,40.4609985351562,2999.9716796875,Bendigo
2022-05-19,Bendigo,2.685125,40.4609985351562,2999.9716796875,Bendigo
2022-05-20,Bendigo,1.2193478260869564,40.4609985351562,2999.9716796875,Bendigo
2022-05-21,Bendigo,4.320625,40.4609985351562,2999.9716796875,Bendigo
2022-05-22,Bendigo,4.879041666666667,40.4609985351562,2999.9716796875,Bendigo
2022-05-23,Bendigo,5.159958333333333,40.4609985351562,2999.9716796875,Bendigo
2022-05-24,Bendigo,3.342,40.4609985351562,2999.9716796875,Bendigo
2022-05-25,Bendigo,4.135291666666666,40.4609985351562,2999.9716796875,Bendigo
2022-05-26,Bendigo,3.670458333333333,40.4609985351562,2999.9716796875,Bendigo
2022-05-27,Bendigo,2.431458333333333,40.4609985351562,2999.9716796875,Bendigo
2022-05-28,Bendigo,2.3368333333333333,40.4609985351562,2999.9716796875,Bendigo
2022-05-29,Bendigo,2.4075833333333336,40.4609985351562,2999.9716796875,Bendigo
2022-05-30,Bendigo,1.2699166666666668,40.4609985351562,2999.9716796875,Bendigo
2022-05-31,Bendigo,1.482217391304348,40.4609985351562,2999.9716796875,Bendigo
2022-06-01,Bendigo,2.5859565217391305,40.4609985351562,2999.9716796875,Bendigo
2022-06-02,Bendigo,3.1842083333333338,40.4609985351562,2999.9716796875,Bendigo
2022-06-03,Bendigo,3.1279583333333334,40.4609985351562,2999.9716796875,Bendigo
2022-06-04,Bendigo,1.39725,40.4609985351562,2999.9716796875,Bendigo
2022-06-05,Bendigo,0.9518333333333334,40.4609985351562,2999.9716796875,Bendigo
2022-06-06,Bendigo,1.324375,40.4609985351562,2999.9716796875,Bendigo
2022-06-07,Bendigo,0.3612727272727272,40.4609985351562,2999.9716796875,Bendigo
2022-06-08,Bendigo,-0.1399999999999999,40.4609985351562,2999.9716796875,Bendigo
2022-06-09,Bendigo,0.5923333333333334,40.4609985351562,2999.9716796875,Bendigo
2022-06-10,Bendigo,1.6223333333333334,40.4609985351562,2999.9716796875,Bendigo
2022-06-11,Bendigo,0.216,40.4609985351562,2999.9716796875,Bendigo
2022-06-12,Bendigo,-0.965,40.4609985351562,2999.9716796875,Bendigo
2022-06-13,Bendigo,-2.108,40.4609985351562,2999.9716796875,Bendigo
2022-06-15,Bendigo,-3.8295,40.4609985351562,2999.9716796875,Bendigo
2022-06-16,Bendigo,-2.028,40.4609985351562,2999.9716796875,Bendigo
2022-06-18,Bendigo,-0.24,40.4609985351562,2999.9716796875,Bendigo
2022-06-20,Bendigo,-1.053,40.4609985351562,2999.9716796875,Bendigo
2022-06-21,Bendigo,1.58,40.4609985351562,2999.9716796875,Bendigo
2022-06-22,Bendigo,-3.668,40.4609985351562,2999.9716796875,Bendigo
2022-06-23,Bendigo,0.21,40.4609985351562,2999.9716796875,Bendigo
2022-06-25,Bendigo,2.0605,40.4609985351562,2999.9716796875,Bendigo
2022-06-26,Bendigo,1.498,40.4609985351562,2999.9716796875,Bendigo
2022-06-27,Bendigo,3.86325,40.4609985351562,2999.9716796875,Bendigo
2022-06-28,Bendigo,3.474,40.4609985351562,2999.9716796875,Bendigo
2022-06-29,Bendigo,3.816,40.4609985351562,2999.9716796875,Bendigo
2022-06-30,Bendigo,2.7,40.4609985351562,2999.9716796875,Bendigo
2022-07-01,Bendigo,2.179,40.4609985351562,2999.9716796875,Bendigo
2022-07-02,Bendigo,5.999,40.4609985351562,2999.9716796875,Bendigo
2022-07-03,Bendigo,-1.99,40.4609985351562,2999.9716796875,Bendigo
2022-07-04,Bendigo,2.0620000000000003,40.4609985351562,2999.9716796875,Bendigo
2022-07-05,Bendigo,2.144333333333333,40.4609985351562,2999.9716796875,Bendigo
2022-07-06,Bendigo,2.6325000000000003,40.4609985351562,2999.9716796875,Bendigo
2022-07-07,Bendigo,-0.296,40.4609985351562,2999.9716796875,Bendigo
2022-07-09,Bendigo,2.066421052631579,40.4609985351562,2999.9716796875,Bendigo
2022-07-10,Bendigo,3.051833333333333,40.4609985351562,2999.9716796875,Bendigo
2022-07-11,Bendigo,3.9314545454545455,40.4609985351562,2999.9716796875,Bendigo
2022-07-12,Bendigo,1.803125,40.4609985351562,2999.9716796875,Bendigo
2022-07-13,Bendigo,1.4654999999999998,40.4609985351562,2999.9716796875,Bendigo
2022-07-14,Bendigo,1.569125,40.4609985351562,2999.9716796875,Bendigo
2022-07-15,Bendigo,0.928375,40.4609985351562,2999.9716796875,Bendigo
2022-07-16,Bendigo,1.1439166666666667,40.4609985351562,2999.9716796875,Bendigo
2022-07-17,Bendigo,0.707,40.4609985351562,2999.9716796875,Bendigo
2022-07-18,Bendigo,0.7947916666666667,40.4609985351562,2999.9716796875,Bendigo
2022-07-19,Bendigo,1.1763333333333332,40.4609985351562,2999.9716796875,Bendigo
2022-07-20,Bendigo,1.3313333333333333,40.4609985351562,2999.9716796875,Bendigo
2022-07-21,Bendigo,0.850625,40.4609985351562,2999.9716796875,Bendigo
2022-07-22,Bendigo,1.3738333333333337,40.4609985351562,2999.9716796875,Bendigo
2022-07-23,Bendigo,1.552875,40.4609985351562,2999.9716796875,Bendigo
2022-07-24,Bendigo,3.98,40.4609985351562,2999.9716796875,Bendigo
2022-07-25,Bendigo,2.613541666666667,40.4609985351562,2999.9716796875,Bendigo
2022-07-26,Bendigo,2.3805,40.4609985351562,2999.9716796875,Bendigo
2022-07-27,Bendigo,2.2775416666666666,40.4609985351562,2999.9716796875,Bendigo
2022-07-28,Bendigo,1.8678333333333328,40.4609985351562,2999.9716796875,Bendigo
2022-07-29,Bendigo,1.974375,40.4609985351562,2999.9716796875,Bendigo
2022-07-30,Bendigo,3.674416666666666,40.4609985351562,2999.9716796875,Bendigo
2022-07-31,Bendigo,2.3949583333333333,40.4609985351562,2999.9716796875,Bendigo
2022-08-01,Bendigo,1.21,40.4609985351562,2999.9716796875,Bendigo
2022-08-02,Bendigo,1.3150833333333334,40.4609985351562,2999.9716796875,Bendigo
2022-08-03,Bendigo,1.3554166666666667,40.4609985351562,2999.9716796875,Bendigo
2022-08-04,Bendigo,1.6572916666666666,40.4609985351562,2999.9716796875,Bendigo
2022-08-05,Bendigo,1.415125,40.4609985351562,2999.9716796875,Bendigo
2022-08-06,Bendigo,1.4592916666666664,40.4609985351562,2999.9716796875,Bendigo
2022-08-07,Bendigo,2.48625,40.4609985351562,2999.9716796875,Bendigo
2022-08-08,Bendigo,0.994375,40.4609985351562,2999.9716796875,Bendigo
2022-08-09,Bendigo,1.8313684210526315,40.4609985351562,2999.9716796875,Bendigo
2022-08-10,Bendigo,5.906708333333333,40.4609985351562,2999.9716796875,Bendigo
2022-08-11,Bendigo,1.5480833333333337,40.4609985351562,2999.9716796875,Bendigo
2022-08-12,Bendigo,0.909375,40.4609985351562,2999.9716796875,Bendigo
2022-08-13,Bendigo,2.42825,40.4609985351562,2999.9716796875,Bendigo
2022-08-14,Bendigo,2.772666666666667,40.4609985351562,2999.9716796875,Bendigo
2022-08-15,Bendigo,0.3369999999999999,40.4609985351562,2999.9716796875,Bendigo
2022-08-16,Bendigo,-0.384,40.4609985351562,2999.9716796875,Bendigo
2022-08-17,Bendigo,2.797,40.4609985351562,2999.9716796875,Bendigo
2022-08-18,Bendigo,4.594,40.4609985351562,2999.9716796875,Bendigo
2022-08-19,Bendigo,3.565,40.4609985351562,2999.9716796875,Bendigo
2022-08-20,Bendigo,1.7573333333333334,40.4609985351562,2999.9716796875,Bendigo
2022-08-22,Bendigo,-1.118,40.4609985351562,2999.9716796875,Bendigo
2022-08-23,Bendigo,6.03,40.4609985351562,2999.9716796875,Bendigo
2022-08-24,Bendigo,4.589333333333333,40.4609985351562,2999.9716796875,Bendigo
2022-08-25,Bendigo,2.426,40.4609985351562,2999.9716796875,Bendigo
2022-08-26,Bendigo,-1.492,40.4609985351562,2999.9716796875,Bendigo
2022-08-27,Bendigo,3.6186666666666665,40.4609985351562,2999.9716796875,Bendigo
2022-08-28,Bendigo,2.3665000000000003,40.4609985351562,2999.9716796875,Bendigo
2022-08-29,Bendigo,8.082,40.4609985351562,2999.9716796875,Bendigo
2022-08-30,Bendigo,2.977,40.4609985351562,2999.9716796875,Bendigo
2022-08-31,Bendigo,4.7780000000000005,40.4609985351562,2999.9716796875,Bendigo
2022-09-01,Bendigo,3.2510000000000003,40.4609985351562,2999.9716796875,Bendigo
2022-09-02,Bendigo,0.712,40.4609985351562,2999.9716796875,Bendigo
2022-09-03,Bendigo,-0.085,40.4609985351562,2999.9716796875,Bendigo
2022-09-04,Bendigo,-0.4719999999999999,40.4609985351562,2999.9716796875,Bendigo
2022-09-05,Bendigo,6.485,40.4609985351562,2999.9716796875,Bendigo
2022-09-06,Bendigo,3.776,40.4609985351562,2999.9716796875,Bendigo
2022-09-07,Bendigo,1.5154999999999998,40.4609985351562,2999.9716796875,Bendigo
2022-09-09,Bendigo,2.432,40.4609985351562,2999.9716796875,Bendigo
2022-09-11,Bendigo,1.214,40.4609985351562,2999.9716796875,Bendigo
2022-09-12,Bendigo,0.974,40.4609985351562,2999.9716796875,Bendigo
2022-09-14,Bendigo,5.574,40.4609985351562,2999.9716796875,Bendigo
2022-09-15,Bendigo,3.865,40.4609985351562,2999.9716796875,Bendigo
2022-09-17,Bendigo,5.209,40.4609985351562,2999.9716796875,Bendigo
2022-09-18,Bendigo,1.268,40.4609985351562,2999.9716796875,Bendigo
2022-09-19,Bendigo,1.096,40.4609985351562,2999.9716796875,Bendigo
2022-09-21,Bendigo,3.760333333333333,40.4609985351562,2999.9716796875,Bendigo
2022-09-22,Bendigo,3.5675000000000003,40.4609985351562,2999.9716796875,Bendigo
2022-09-23,Bendigo,9.627,40.4609985351562,2999.9716796875,Bendigo
2022-09-24,Bendigo,2.8745,40.4609985351562,2999.9716796875,Bendigo
2022-09-25,Bendigo,2.059,40.4609985351562,2999.9716796875,Bendigo
2022-09-26,Bendigo,4.544333333333333,40.4609985351562,2999.9716796875,Bendigo
2022-09-27,Bendigo,3.999,40.4609985351562,2999.9716796875,Bendigo
2022-09-29,Bendigo,4.868499999999999,40.4609985351562,2999.9716796875,Bendigo
2022-09-30,Bendigo,1.708,40.4609985351562,2999.9716796875,Bendigo
2022-10-01,Bendigo,3.618,40.4609985351562,2999.9716796875,Bendigo
2022-10-03,Bendigo,5.734000000000001,40.4609985351562,2999.9716796875,Bendigo
2022-10-05,Bendigo,0.432,40.4609985351562,2999.9716796875,Bendigo
2022-10-07,Bendigo,3.4255,40.4609985351562,2999.9716796875,Bendigo
2022-10-10,Bendigo,0.524,40.4609985351562,2999.9716796875,Bendigo
2022-10-11,Bendigo,4.7255,40.4609985351562,2999.9716796875,Bendigo
2022-10-12,Bendigo,7.241,40.4609985351562,2999.9716796875,Bendigo
2022-10-13,Bendigo,0.656,40.4609985351562,2999.9716796875,Bendigo
2022-10-15,Bendigo,2.024,40.4609985351562,2999.9716796875,Bendigo
2022-10-16,Bendigo,2.253,40.4609985351562,2999.9716796875,Bendigo
2022-10-17,Bendigo,2.41,40.4609985351562,2999.9716796875,Bendigo
2022-10-19,Bendigo,1.3756,40.4609985351562,2999.9716796875,Bendigo
2022-10-20,Bendigo,4.2655,40.4609985351562,2999.9716796875,Bendigo
2022-10-25,Bendigo,0.764,40.4609985351562,2999.9716796875,Bendigo
2022-10-27,Bendigo,-0.6555,40.4609985351562,2999.9716796875,Bendigo
2022-10-29,Bendigo,1.829,40.4609985351562,2999.9716796875,Bendigo
2022-10-31,Bendigo,1.3373333333333333,40.4609985351562,2999.9716796875,Bendigo
2022-11-01,Bendigo,0.5145,40.4609985351562,2999.9716796875,Bendigo
2022-11-02,Bendigo,6.111000000000001,40.4609985351562,2999.9716796875,Bendigo
2022-11-06,Bendigo,-0.891,40.4609985351562,2999.9716796875,Bendigo
2022-11-07,Bendigo,3.84175,40.4609985351562,2999.9716796875,Bendigo
2022-11-08,Bendigo,-2.255,40.4609985351562,2999.9716796875,Bendigo
2022-11-09,Bendigo,6.046333333333333,40.4609985351562,2999.9716796875,Bendigo
2022-11-10,Bendigo,8.2185,40.4609985351562,2999.9716796875,Bendigo
2022-11-11,Bendigo,3.203,40.4609985351562,2999.9716796875,Bendigo
2022-11-12,Bendigo,-2.923,40.4609985351562,2999.9716796875,Bendigo
2022-11-13,Bendigo,0.5936666666666667,40.4609985351562,2999.9716796875,Bendigo
2022-11-14,Bendigo,1.6049999999999998,40.4609985351562,2999.9716796875,Bendigo
2022-11-15,Bendigo,2.3845,40.4609985351562,2999.9716796875,Bendigo
2022-11-16,Bendigo,1.2535,40.4609985351562,2999.9716796875,Bendigo
2022-11-18,Bendigo,-0.589,40.4609985351562,2999.9716796875,Bendigo
2022-11-19,Bendigo,2.018,40.4609985351562,2999.9716796875,Bendigo
2022-11-25,Bendigo,2.787,40.4609985351562,2999.9716796875,Bendigo
2022-11-27,Bendigo,3.005,40.4609985351562,2999.9716796875,Bendigo
2022-12-01,Bendigo,7.592,40.4609985351562,2999.9716796875,Bendigo
2022-12-05,Bendigo,-2.85,40.4609985351562,2999.9716796875,Bendigo
2022-12-06,Bendigo,0.02,40.4609985351562,2999.9716796875,Bendigo
2022-12-08,Bendigo,-1.244,40.4609985351562,2999.9716796875,Bendigo
2022-12-10,Bendigo,0.5344999999999999,40.4609985351562,2999.9716796875,Bendigo
2022-12-11,Bendigo,6.709,40.4609985351562,2999.9716796875,Bendigo
2022-12-12,Bendigo,0.956,40.4609985351562,2999.9716796875,Bendigo
2022-12-14,Bendigo,5.4375,40.4609985351562,2999.9716796875,Bendigo
2022-12-15,Bendigo,0.865,40.4609985351562,2999.9716796875,Bendigo
2022-12-16,Bendigo,2.094,40.4609985351562,2999.9716796875,Bendigo
2022-12-19,Bendigo,3.0766666666666667,40.4609985351562,2999.9716796875,Bendigo
2022-12-20,Bendigo,6.648,40.4609985351562,2999.9716796875,Bendigo
2022-12-21,Bendigo,1.8965,40.4609985351562,2999.9716796875,Bendigo
2022-12-22,Bendigo,3.886833333333333,40.4609985351562,2999.9716796875,Bendigo
2022-12-23,Bendigo,5.921409090909091,40.4609985351562,2999.9716796875,Bendigo
2022-12-26,Bendigo,3.298375,40.4609985351562,2999.9716796875,Bendigo
2022-12-27,Bendigo,5.959875,40.4609985351562,2999.9716796875,Bendigo
2022-12-28,Bendigo,2.7975714285714286,40.4609985351562,2999.9716796875,Bendigo
2022-12-29,Bendigo,5.196791666666667,40.4609985351562,2999.9716796875,Bendigo
2022-12-30,Bendigo,6.279083333333333,40.4609985351562,2999.9716796875,Bendigo
2022-12-31,Bendigo,5.034217391304348,40.4609985351562,2999.9716796875,Bendigo
2024-05-09,Bendigo,9.69,40.4609985351562,2999.9716796875,Bendigo
2024-05-09,Bendigo,9.69,40.4609985351562,2999.9716796875,Bendigo
2022-01-01,Geelong South,8.106416666666666,215.9541015625,1247.98718261719,Geelong South
2022-01-02,Geelong South,4.676416666666666,215.9541015625,1247.98718261719,Geelong South
2022-01-03,Geelong South,2.7527500000000003,215.9541015625,1247.98718261719,Geelong South
2022-01-04,Geelong South,5.070416666666667,215.9541015625,1247.98718261719,Geelong South
2022-01-05,Geelong South,4.865208333333333,215.9541015625,1247.98718261719,Geelong South
2022-01-06,Geelong South,3.7727083333333336,215.9541015625,1247.98718261719,Geelong South
2022-01-07,Geelong South,4.734,215.9541015625,1247.98718261719,Geelong South
2022-01-08,Geelong South,4.472625,215.9541015625,1247.98718261719,Geelong South
2022-01-09,Geelong South,3.9907916666666665,215.9541015625,1247.98718261719,Geelong South
2022-01-10,Geelong South,8.728375,215.9541015625,1247.98718261719,Geelong South
2022-01-11,Geelong South,8.7649,215.9541015625,1247.98718261719,Geelong South
2022-01-18,Geelong South,2.6333333333333333,215.9541015625,1247.98718261719,Geelong South
2022-01-19,Geelong South,6.477916666666666,215.9541015625,1247.98718261719,Geelong South
2022-01-20,Geelong South,5.629166666666666,215.9541015625,1247.98718261719,Geelong South
2022-01-21,Geelong South,7.469208333333333,215.9541015625,1247.98718261719,Geelong South
2022-01-22,Geelong South,6.243291666666667,215.9541015625,1247.98718261719,Geelong South
2022-01-23,Geelong South,6.576708333333333,215.9541015625,1247.98718261719,Geelong South
2022-01-24,Geelong South,6.395041666666667,215.9541015625,1247.98718261719,Geelong South
2022-01-25,Geelong South,9.209416666666668,215.9541015625,1247.98718261719,Geelong South
2022-01-26,Geelong South,7.577999999999999,215.9541015625,1247.98718261719,Geelong South
2022-01-27,Geelong South,7.792833333333333,215.9541015625,1247.98718261719,Geelong South
2022-01-28,Geelong South,6.092416666666666,215.9541015625,1247.98718261719,Geelong South
2022-01-29,Geelong South,4.4228000000000005,215.9541015625,1247.98718261719,Geelong South
2024-05-09,Geelong South,15.23,215.9541015625,1247.98718261719,Geelong South
2024-05-09,Geelong South,15.23,215.9541015625,1247.98718261719,Geelong South
2024-05-09,Wangaratta,9.59,8.05980014801025,3645.10961914062,Wangaratta
2024-05-09,Wangaratta,9.59,8.05980014801025,3645.10961914062,Wangaratta
2024-05-09,Mildura,11.13,2.50139999389648,22081.919921875,Mildura
2024-05-09,Mildura,11.13,2.50139999389648,22081.919921875,Mildura
2024-05-09,Swan Hill,9.84,3.29640007019043,6115.537109375,Swan Hill
2024-05-09,Swan Hill,9.84,3.29640007019043,6115.537109375,Swan Hill
